days_from_20160101,stimchoice1,stimchoice2,stimchosen,correct_stim,is_choice_color,chose_correct
26,8,8,8,8,0,1
26,5,7,5,7,0,0
26,7,11,11,11,1,1
26,8,6,6,8,0,0
26,7,9,7,7,1,1
26,4,0,4,4,0,1
26,9,13,13,13,1,1
26,12,2,2,2,1,1
26,0,9,9,0,0,0
26,3,10,3,10,1,0
26,11,8,8,11,0,0
26,3,5,3,5,0,0
26,4,12,4,4,0,1
26,11,7,7,11,0,0
26,3,11,3,3,0,1
26,6,7,7,7,0,1
26,9,0,0,0,1,1
26,6,3,3,3,1,1
26,2,3,3,2,0,0
26,6,8,8,6,1,0
26,6,8,8,8,0,1
26,6,13,13,13,1,1
26,3,5,5,3,0,0
26,4,10,10,10,0,1
26,11,6,6,11,1,0
26,2,6,6,6,1,1
26,13,13,13,13,0,1
26,8,2,2,8,0,0
26,9,7,7,9,0,0
26,7,12,12,12,0,1
26,12,0,0,0,0,1
26,10,12,12,10,1,0
26,8,9,9,9,1,1
26,2,5,2,2,0,1
26,6,3,6,6,1,1
26,9,8,9,8,1,0
26,12,8,12,12,1,1
26,11,11,11,11,1,1
26,5,10,5,10,1,0
26,10,9,9,9,1,1
26,10,8,10,10,1,1
26,12,1,12,1,1,0
26,1,7,7,1,1,0
26,13,13,13,13,1,1
26,13,1,1,1,1,1
26,6,9,9,6,1,0
26,10,1,1,10,0,0
26,13,11,11,11,0,1
26,8,9,8,8,1,1
26,9,3,9,9,0,1
26,7,7,7,7,1,1
26,8,1,1,8,1,0
26,4,1,4,1,1,0
26,7,3,3,7,1,0
26,10,1,1,1,1,1
26,10,12,12,10,0,0
26,10,1,1,10,1,0
26,6,11,6,11,0,0
26,13,11,13,13,1,1
26,6,10,10,6,0,0
26,10,4,4,10,0,0
26,13,3,3,13,0,0
26,2,11,2,2,0,1
26,10,9,10,10,1,1
26,7,7,7,7,1,1
26,5,2,5,5,0,1
26,11,5,5,11,0,0
26,6,12,12,6,0,0
26,1,11,11,11,0,1
26,6,8,6,6,0,1
26,11,8,11,8,1,0
26,3,4,3,4,1,0
26,6,1,6,6,0,1
26,10,4,10,10,0,1
26,9,8,9,9,0,1
26,5,12,12,12,0,1
26,1,12,1,1,1,1
26,2,9,9,9,1,1
26,3,11,11,11,0,1
26,2,13,2,2,0,1
26,1,5,1,5,1,0
26,3,2,2,2,1,1
26,12,9,9,9,0,1
26,9,7,9,7,1,0
26,8,9,8,9,0,0
26,4,2,2,4,0,0
26,6,3,3,3,1,1
26,2,7,2,7,1,0
26,11,3,3,3,1,1
26,4,4,4,4,1,1
26,7,0,0,7,0,0
26,11,11,11,11,1,1
26,13,5,5,13,1,0
26,13,10,13,13,1,1
26,4,1,4,4,0,1
26,12,10,10,10,0,1
26,7,2,2,7,0,0
26,5,11,5,11,1,0
26,9,7,9,7,0,0
26,11,1,1,11,1,0
26,1,7,1,7,0,0
26,5,7,7,7,1,1
26,10,10,10,10,1,1
26,13,0,13,0,0,0
26,0,7,0,0,1,1
26,5,2,2,2,1,1
26,0,9,9,0,0,0
26,8,0,8,0,1,0
26,0,12,12,0,0,0
27,2,10,2,2,1,1
27,5,12,12,12,1,1
27,13,5,5,5,1,1
27,8,4,4,8,0,0
27,2,11,2,11,0,0
27,5,1,1,1,0,1
27,10,12,10,10,0,1
27,2,6,2,2,1,1
27,11,8,11,11,1,1
27,1,2,1,2,0,0
27,12,5,12,5,1,0
27,12,11,12,11,1,0
27,7,13,13,13,0,1
27,3,12,3,12,0,0
27,6,7,7,7,0,1
27,4,9,9,9,1,1
27,1,5,1,5,0,0
27,6,5,5,5,0,1
27,13,1,13,1,1,0
27,8,3,8,3,1,0
27,2,9,2,2,1,1
27,4,0,0,4,1,0
27,1,13,13,1,0,0
27,4,12,4,4,1,1
27,8,11,8,11,1,0
27,9,4,4,9,0,0
27,9,0,0,0,0,1
27,7,8,8,8,0,1
27,0,10,0,0,1,1
27,8,11,8,8,1,1
27,13,6,13,6,0,0
27,8,7,8,8,0,1
27,13,1,13,1,0,0
27,4,2,4,4,0,1
27,12,10,10,10,0,1
27,5,7,7,5,1,0
27,0,9,9,0,1,0
27,13,11,11,13,1,0
27,12,8,12,8,1,0
27,6,1,1,1,0,1
27,3,5,3,5,1,0
27,2,9,2,2,1,1
27,4,8,8,8,1,1
27,12,0,12,12,0,1
27,8,13,8,8,1,1
27,6,0,6,0,1,0
27,8,13,8,8,0,1
27,2,4,4,2,0,0
27,1,8,1,8,1,0
27,5,13,5,5,0,1
27,9,5,5,9,1,0
27,6,6,6,6,1,1
27,12,1,12,1,0,0
27,3,4,4,4,0,1
27,11,1,11,1,0,0
27,6,2,6,2,0,0
27,11,13,11,11,0,1
27,5,12,5,12,0,0
27,1,3,1,1,0,1
27,7,10,7,7,1,1
27,6,8,8,8,1,1
27,3,13,13,13,0,1
27,12,10,10,12,1,0
27,2,1,2,1,0,0
27,4,8,4,8,1,0
27,5,8,8,5,1,0
27,2,6,6,6,1,1
27,5,0,0,0,0,1
27,10,3,10,3,1,0
27,5,12,5,5,0,1
27,0,12,0,0,1,1
27,10,12,12,10,1,0
27,6,0,6,6,1,1
27,4,7,4,7,1,0
27,9,5,9,9,1,1
27,4,13,4,4,0,1
27,5,7,7,7,1,1
27,5,2,5,5,1,1
27,13,1,1,1,0,1
27,8,2,8,8,0,1
27,5,7,5,5,0,1
27,11,6,11,6,0,0
27,6,8,6,8,0,0
27,4,3,3,3,1,1
27,2,11,11,11,0,1
27,5,13,5,13,0,0
27,5,12,5,12,1,0
27,11,9,11,11,0,1
27,12,6,12,12,1,1
27,8,6,8,8,0,1
27,8,3,8,3,1,0
27,7,3,3,3,1,1
27,12,7,7,12,0,0
27,2,12,2,12,1,0
27,11,6,11,6,1,0
27,12,8,8,12,0,0
27,6,11,6,11,0,0
27,8,9,8,9,0,0
27,12,2,2,12,0,0
27,11,7,7,11,1,0
27,5,4,5,4,1,0
27,7,12,7,12,0,0
27,13,3,13,13,1,1
27,9,12,9,12,0,0
27,1,1,1,1,0,1
27,12,8,12,12,1,1
27,9,13,13,13,0,1
27,8,0,0,0,1,1
27,5,1,1,5,0,0
27,11,4,4,11,1,0
27,6,8,6,8,0,0
27,4,10,10,10,0,1
27,11,0,11,0,0,0
27,3,9,3,9,1,0
27,8,5,8,8,0,1
27,1,0,1,0,1,0
27,0,13,0,0,0,1
27,5,1,1,5,0,0
27,7,13,13,7,0,0
27,9,13,9,9,1,1
27,12,7,7,7,0,1
27,11,4,4,4,1,1
27,8,9,8,8,0,1
27,12,4,4,12,0,0
27,2,13,2,13,1,0
27,12,3,3,3,1,1
27,8,8,8,8,1,1
27,9,11,11,9,0,0
27,5,9,9,5,0,0
27,3,13,3,13,1,0
27,2,8,8,8,0,1
27,8,3,8,8,0,1
27,11,9,11,11,0,1
27,4,12,4,12,0,0
27,1,3,1,3,1,0
27,13,3,3,3,0,1
27,9,7,7,7,0,1
27,10,6,10,10,0,1
27,11,2,11,2,1,0
27,9,13,13,13,1,1
27,5,1,1,1,1,1
28,9,2,9,2,1,0
28,12,13,13,12,0,0
28,6,2,2,6,0,0
28,4,1,4,1,0,0
28,5,0,5,0,1,0
28,9,10,9,9,0,1
28,6,2,2,6,1,0
28,7,6,6,7,0,0
28,7,10,7,7,1,1
28,13,6,13,6,1,0
28,3,10,10,3,1,0
28,10,2,2,2,1,1
28,7,5,7,7,1,1
28,4,3,4,3,1,0
28,8,9,9,9,0,1
28,0,13,0,0,0,1
28,6,13,6,13,0,0
28,7,10,7,10,0,0
28,9,4,9,9,1,1
28,7,1,7,1,1,0
28,8,1,8,1,1,0
28,9,12,9,12,0,0
28,3,12,3,3,0,1
28,8,11,8,8,0,1
28,3,2,3,2,0,0
28,7,1,7,7,1,1
28,10,4,4,4,1,1
28,11,4,11,11,0,1
28,13,11,13,11,1,0
28,5,1,5,1,1,0
28,13,6,6,13,1,0
28,13,0,13,0,0,0
28,13,11,13,11,1,0
28,1,4,1,1,0,1
28,6,13,13,13,0,1
28,8,2,8,2,0,0
28,3,8,8,3,0,0
28,3,11,11,3,1,0
28,11,3,11,3,0,0
28,3,3,3,3,0,1
28,10,10,10,10,0,1
28,8,4,8,8,1,1
28,10,4,10,10,0,1
28,1,1,1,1,1,1
28,0,1,1,0,0,0
28,10,11,10,10,1,1
28,2,5,2,2,1,1
28,2,3,3,3,0,1
28,10,9,10,9,1,0
28,0,6,0,0,0,1
28,11,4,11,11,1,1
28,9,13,9,13,1,0
28,6,4,4,4,1,1
28,1,9,9,1,1,0
28,0,12,0,0,0,1
28,7,2,7,2,1,0
28,12,10,10,10,1,1
28,2,9,9,2,0,0
28,10,13,10,13,1,0
28,3,13,13,3,1,0
28,1,10,1,1,0,1
28,1,0,1,0,1,0
28,13,1,13,1,0,0
28,4,6,6,4,1,0
28,8,9,8,9,0,0
28,3,0,0,0,1,1
28,1,2,1,2,0,0
28,13,8,13,8,1,0
28,4,12,12,12,1,1
28,6,10,6,6,1,1
28,1,7,1,7,0,0
28,9,13,13,9,0,0
28,6,3,3,6,0,0
28,6,11,6,6,0,1
28,12,10,12,12,1,1
28,2,13,2,13,0,0
28,1,6,1,6,0,0
28,4,5,4,5,0,0
28,5,10,5,10,1,0
28,8,9,8,9,0,0
28,3,6,3,6,1,0
28,2,4,2,4,0,0
28,1,0,0,1,1,0
28,13,8,13,13,1,1
28,5,4,5,4,0,0
28,5,7,5,5,1,1
28,10,3,10,3,0,0
28,7,9,9,7,1,0
28,10,1,10,1,0,0
28,12,5,12,12,0,1
28,6,4,6,4,0,0
28,0,4,0,0,1,1
28,9,12,9,12,1,0
28,13,10,13,10,0,0
28,12,7,12,7,1,0
28,8,2,2,2,1,1
28,12,12,12,12,1,1
28,9,10,9,10,1,0
28,9,7,9,7,0,0
28,7,7,7,7,0,1
28,4,13,4,4,0,1
28,12,7,7,12,1,0
28,10,8,10,8,1,0
28,4,2,2,2,1,1
28,1,8,8,1,1,0
28,3,12,3,3,0,1
28,9,10,10,10,1,1
28,6,13,13,13,0,1
28,7,3,7,7,0,1
28,4,3,3,3,1,1
28,8,0,8,8,1,1
28,12,12,12,12,0,1
28,1,4,1,1,0,1
28,5,10,5,10,0,0
28,1,3,1,1,1,1
28,3,5,5,5,1,1
28,6,2,6,6,1,1
28,13,12,13,12,0,0
28,9,8,9,9,0,1
28,7,3,7,3,1,0
28,12,0,12,0,0,0
28,8,0,8,8,1,1
28,1,7,1,1,0,1
28,6,12,6,12,1,0
28,11,13,13,11,1,0
28,9,6,9,9,0,1
28,9,0,9,9,0,1
28,10,6,10,10,0,1
28,5,6,5,5,0,1
28,8,5,8,5,0,0
28,11,5,11,11,0,1
31,6,3,3,6,0,0
31,3,9,9,9,1,1
31,10,6,6,6,1,1
31,10,2,10,10,0,1
31,6,0,6,0,0,0
31,4,0,4,4,0,1
31,1,8,8,1,0,0
31,0,11,0,0,1,1
31,13,9,9,13,0,0
31,11,6,11,11,1,1
31,6,6,6,6,1,1
31,1,0,0,0,1,1
31,12,6,6,6,0,1
31,5,1,5,1,1,0
31,7,3,7,3,1,0
31,3,8,3,3,0,1
31,12,10,12,12,0,1
31,8,4,8,4,1,0
31,9,8,9,9,1,1
31,8,13,13,13,0,1
31,10,6,6,6,0,1
31,13,8,13,13,1,1
31,2,9,9,9,0,1
31,2,10,10,2,1,0
31,13,0,13,0,1,0
31,11,9,11,11,0,1
31,5,0,5,5,1,1
31,7,12,7,7,1,1
31,2,12,2,12,1,0
31,12,7,12,12,0,1
31,6,5,5,5,0,1
31,3,4,4,4,1,1
31,5,11,5,11,1,0
31,9,1,9,9,0,1
31,7,7,7,7,1,1
31,4,4,4,4,1,1
31,4,6,4,4,0,1
31,9,13,9,9,0,1
31,0,10,0,0,1,1
31,4,6,4,4,1,1
31,13,12,12,13,0,0
31,12,13,12,12,1,1
31,13,10,10,10,0,1
31,13,1,13,13,1,1
31,13,1,13,13,0,1
31,9,3,3,9,1,0
31,9,13,9,13,1,0
31,12,7,12,12,0,1
31,3,9,3,3,1,1
31,10,7,7,7,1,1
31,1,11,1,1,0,1
31,0,3,0,0,1,1
31,2,7,2,7,1,0
31,5,3,5,5,1,1
31,10,8,10,10,1,1
31,3,7,3,7,0,0
31,13,8,13,8,0,0
31,12,6,6,6,1,1
31,7,9,9,7,0,0
31,3,7,3,3,0,1
31,7,1,7,7,0,1
31,2,10,2,2,0,1
31,1,5,1,1,1,1
31,11,8,11,11,0,1
31,10,4,10,10,0,1
31,10,4,10,10,1,1
31,11,3,11,11,0,1
31,8,11,8,11,1,0
31,11,7,11,11,0,1
31,9,10,9,9,1,1
31,12,9,12,9,1,0
31,10,0,10,0,1,0
31,7,10,7,7,1,1
31,10,9,10,10,1,1
31,1,4,4,1,0,0
31,9,3,9,3,0,0
31,10,6,6,6,0,1
31,2,4,4,2,1,0
31,12,0,0,0,1,1
31,2,11,2,2,1,1
31,2,4,2,4,1,0
31,12,8,12,12,1,1
31,6,11,11,11,0,1
32,4,5,4,5,1,0
32,13,4,4,13,1,0
32,10,13,10,10,1,1
32,1,7,1,1,0,1
32,1,10,1,10,1,0
32,2,5,5,2,1,0
32,4,3,4,3,1,0
32,7,11,7,7,1,1
32,8,13,8,13,1,0
32,0,10,0,0,0,1
32,8,7,8,7,1,0
32,12,11,12,11,0,0
32,10,4,10,10,0,1
32,10,11,11,10,0,0
32,2,12,2,12,1,0
32,10,0,10,10,0,1
32,7,3,3,3,0,1
32,8,11,8,8,1,1
32,11,6,11,11,0,1
32,13,3,13,3,0,0
32,1,12,1,12,0,0
32,4,11,11,4,1,0
32,13,12,13,13,1,1
32,8,4,8,4,0,0
32,9,2,9,2,1,0
32,1,13,13,13,0,1
32,6,7,6,6,1,1
32,12,9,12,9,0,0
32,2,9,2,2,1,1
32,10,3,10,3,1,0
32,4,10,4,4,1,1
32,8,13,8,8,1,1
32,5,3,5,5,1,1
32,1,5,1,1,1,1
32,4,11,4,11,1,0
32,13,5,13,5,0,0
32,2,5,2,5,0,0
32,3,1,3,3,1,1
32,11,3,11,11,1,1
32,8,8,8,8,1,1
32,12,9,12,9,0,0
32,7,13,7,13,1,0
32,0,7,0,0,0,1
32,6,12,12,6,0,0
32,13,8,8,13,0,0
32,11,12,11,12,1,0
32,13,12,13,13,1,1
32,7,7,7,7,0,1
32,1,7,1,1,1,1
32,4,8,4,4,0,1
32,4,5,4,4,1,1
32,1,7,1,1,0,1
32,2,13,2,2,1,1
32,9,13,9,13,1,0
32,3,9,3,3,1,1
32,6,4,6,4,1,0
32,12,7,12,7,0,0
32,6,3,6,3,0,0
32,3,6,6,6,0,1
32,9,11,9,11,0,0
32,2,13,2,13,0,0
32,10,10,10,10,1,1
32,4,6,4,6,0,0
32,5,1,5,5,1,1
32,12,4,4,4,0,1
32,8,9,9,8,1,0
32,9,10,10,9,1,0
32,2,10,2,2,1,1
32,0,9,9,0,1,0
32,0,6,0,0,0,1
32,9,8,8,9,0,0
32,11,12,12,11,1,0
32,12,9,9,9,0,1
32,0,9,0,0,1,1
32,2,9,2,2,1,1
32,5,4,4,5,0,0
32,13,2,13,2,1,0
32,8,11,11,8,1,0
32,2,8,2,2,1,1
32,6,8,6,8,1,0
32,4,7,4,7,0,0
32,12,3,12,3,0,0
32,8,6,6,8,0,0
32,10,11,10,10,0,1
32,13,6,6,13,1,0
32,2,1,2,2,0,1
32,5,5,5,5,0,1
32,12,5,12,5,1,0
32,13,4,4,13,1,0
32,1,2,1,1,1,1
32,4,4,4,4,1,1
32,13,7,13,13,1,1
32,10,6,6,6,0,1
32,13,4,13,4,1,0
32,1,0,1,0,1,0
32,10,7,10,7,0,0
33,4,5,4,4,1,1
33,10,6,10,10,0,1
33,5,1,5,1,1,0
33,13,1,13,13,1,1
33,3,13,3,3,1,1
33,9,2,2,2,1,1
33,7,4,7,7,1,1
33,11,3,11,11,0,1
33,6,6,6,6,0,1
33,2,6,2,6,1,0
33,3,2,2,2,0,1
33,13,12,13,13,0,1
33,13,2,13,13,1,1
33,8,12,8,12,1,0
33,2,13,2,2,0,1
33,5,8,5,8,0,0
33,10,0,10,0,1,0
33,13,6,13,13,1,1
33,6,1,6,1,1,0
33,6,13,6,6,1,1
33,13,5,13,13,0,1
33,1,7,1,7,1,0
33,7,11,11,7,1,0
33,7,4,7,7,1,1
33,3,6,3,3,1,1
33,8,12,12,12,0,1
33,5,4,5,4,1,0
33,3,4,3,4,1,0
33,6,4,6,4,0,0
33,1,11,1,11,1,0
33,10,1,10,10,0,1
33,0,5,0,0,0,1
33,5,8,8,8,0,1
33,1,5,1,5,0,0
33,1,3,1,3,1,0
33,0,6,0,0,0,1
33,3,7,7,7,0,1
33,4,9,4,4,0,1
33,4,10,4,10,1,0
33,3,2,3,2,1,0
33,5,8,5,5,0,1
33,5,1,5,5,0,1
33,12,12,12,12,1,1
33,4,11,4,4,0,1
33,10,1,10,1,0,0
33,11,0,11,0,1,0
33,7,12,7,12,0,0
33,1,9,1,1,0,1
33,10,8,10,8,1,0
33,2,3,2,2,0,1
33,0,9,0,0,1,1
33,10,8,10,8,0,0
33,5,13,13,13,0,1
33,11,11,11,11,1,1
33,3,0,0,0,0,1
33,8,9,9,9,1,1
33,6,8,6,6,1,1
33,10,10,10,10,0,1
33,9,9,9,9,1,1
33,9,4,4,4,1,1
33,2,5,2,2,1,1
33,9,5,5,5,0,1
33,13,3,13,13,0,1
33,6,2,6,6,1,1
33,11,0,11,11,1,1
33,3,10,3,10,1,0
33,7,1,7,1,0,0
33,2,11,2,2,0,1
33,1,11,1,11,1,0
33,10,1,10,10,1,1
33,9,1,9,9,1,1
33,6,7,6,6,1,1
33,4,0,4,0,1,0
33,13,4,13,13,0,1
33,0,3,0,0,0,1
33,2,0,2,2,0,1
33,3,7,3,3,1,1
33,2,7,2,7,0,0
33,8,1,8,8,0,1
33,3,9,3,9,1,0
33,11,10,11,10,0,0
33,12,11,12,11,0,0
33,3,13,3,13,1,0
34,10,0,10,10,0,1
34,11,10,11,10,1,0
34,8,0,8,8,0,1
34,5,1,5,5,0,1
34,2,5,2,5,1,0
34,3,2,3,3,1,1
34,4,11,4,11,1,0
34,10,2,10,2,1,0
34,6,0,6,0,1,0
34,10,7,10,7,0,0
34,9,5,9,9,0,1
34,8,9,8,8,0,1
34,13,5,13,13,1,1
34,4,0,4,4,0,1
34,9,8,9,8,0,0
34,7,5,7,5,0,0
34,5,2,2,2,0,1
34,12,3,12,3,1,0
34,0,5,0,0,0,1
34,6,9,6,9,1,0
34,6,0,6,6,0,1
34,10,7,10,7,1,0
34,13,0,0,0,0,1
34,5,7,5,7,0,0
34,0,5,0,0,0,1
34,8,5,8,8,1,1
34,6,11,6,6,0,1
34,10,7,7,7,1,1
34,4,11,4,4,1,1
34,9,4,9,9,0,1
34,2,11,11,11,0,1
34,13,0,0,0,0,1
34,4,5,4,5,0,0
34,10,6,10,10,1,1
34,8,11,8,8,1,1
34,11,4,4,11,0,0
34,1,1,1,1,1,1
34,3,5,5,5,1,1
34,2,5,5,5,1,1
35,5,6,5,5,1,1
35,11,11,11,11,1,1
35,2,11,2,11,1,0
35,11,6,11,6,1,0
35,3,0,3,3,1,1
35,10,7,7,10,1,0
35,8,1,8,1,0,0
35,6,10,6,10,0,0
35,8,13,8,8,1,1
35,7,2,2,2,0,1
35,9,13,9,9,1,1
35,10,12,10,10,0,1
35,6,5,6,5,0,0
35,10,9,9,9,1,1
35,12,7,7,12,0,0
35,6,4,6,4,0,0
35,5,4,5,5,1,1
35,1,11,1,11,0,0
35,5,12,5,12,0,0
35,12,0,12,12,0,1
35,13,3,13,13,0,1
35,5,6,5,5,0,1
35,11,3,11,11,1,1
35,7,10,7,7,1,1
35,6,0,6,6,1,1
35,4,2,2,4,0,0
35,13,8,8,8,1,1
35,2,0,0,0,1,1
35,7,0,7,7,1,1
35,8,4,8,8,0,1
35,11,0,11,0,0,0
35,3,7,7,7,1,1
35,11,13,11,11,1,1
35,2,0,2,2,1,1
35,7,0,0,0,0,1
35,4,10,4,10,1,0
35,12,6,6,6,0,1
35,11,3,3,3,0,1
35,2,5,2,5,1,0
35,10,13,13,10,1,0
35,2,4,2,4,0,0
35,5,13,5,13,1,0
35,10,3,10,10,1,1
35,3,2,3,2,0,0
35,9,11,9,9,1,1
35,11,5,11,11,1,1
35,11,10,11,10,1,0
35,7,9,7,7,0,1
40,5,10,5,10,1,0
40,7,0,7,7,1,1
40,3,6,3,3,1,1
40,2,8,8,8,1,1
40,7,5,7,5,1,0
40,6,10,6,10,1,0
40,12,9,12,12,0,1
40,3,1,3,1,0,0
40,11,3,3,11,0,0
40,8,10,8,8,0,1
40,12,6,12,12,0,1
40,13,1,1,1,1,1
40,7,4,7,7,1,1
40,4,10,4,10,1,0
40,9,9,9,9,0,1
40,11,5,11,11,1,1
40,9,5,5,5,1,1
40,8,12,8,8,1,1
40,2,8,2,2,0,1
40,1,7,1,1,0,1
40,11,10,11,11,0,1
40,13,6,6,13,0,0
40,0,5,0,0,0,1
40,13,6,13,13,1,1
40,5,11,5,5,1,1
40,9,7,7,9,0,0
40,2,10,2,2,1,1
40,13,4,13,13,0,1
40,3,0,0,0,0,1
40,11,5,11,5,1,0
40,8,4,4,8,0,0
40,0,7,0,0,1,1
40,6,1,6,6,1,1
40,6,5,6,6,0,1
40,11,7,7,7,0,1
40,11,13,11,11,1,1
40,1,13,13,13,0,1
40,1,12,1,12,0,0
40,6,9,9,9,0,1
40,4,7,7,7,1,1
40,4,10,10,10,0,1
40,10,8,8,8,0,1
40,13,0,13,13,1,1
40,0,9,0,0,1,1
40,11,0,0,11,0,0
40,3,9,3,9,1,0
40,9,0,0,9,1,0
40,9,2,9,9,1,1
40,13,7,13,7,1,0
40,4,9,9,9,0,1
40,2,3,3,2,1,0
40,12,13,13,13,0,1
40,10,5,10,10,0,1
40,7,10,7,7,0,1
40,1,7,1,1,1,1
40,1,7,1,7,0,0
40,4,3,4,4,0,1
40,1,3,3,3,1,1
40,11,5,11,5,1,0
40,13,1,13,1,0,0
40,7,4,7,7,1,1
40,9,1,9,9,1,1
40,7,13,7,7,0,1
40,3,13,3,3,0,1
40,1,4,1,1,1,1
40,3,8,8,8,0,1
40,10,13,10,10,0,1
40,5,0,5,5,1,1
40,4,0,0,0,0,1
40,0,13,13,0,1,0
40,1,2,1,2,1,0
40,3,13,3,3,1,1
40,3,9,9,9,0,1
40,12,5,5,5,0,1
40,9,6,6,9,0,0
40,6,12,12,6,0,0
40,13,8,13,13,0,1
40,9,13,9,13,1,0
40,7,13,7,7,1,1
40,6,9,6,6,1,1
40,5,7,7,7,1,1
40,13,11,13,13,0,1
40,5,4,5,5,0,1
40,3,3,3,3,0,1
41,6,13,13,13,0,1
41,6,11,11,11,1,1
41,10,13,10,10,0,1
41,10,11,11,11,0,1
41,11,1,11,11,1,1
41,7,10,7,7,0,1
41,9,13,9,13,1,0
41,12,1,12,12,0,1
41,7,4,4,4,1,1
41,0,11,11,0,0,0
41,8,12,8,12,1,0
41,2,11,2,2,1,1
41,11,7,11,11,1,1
41,1,5,1,1,0,1
41,8,7,7,7,0,1
41,8,1,8,8,0,1
41,10,2,10,2,1,0
41,3,6,3,3,0,1
41,4,3,4,4,0,1
41,3,13,13,3,0,0
41,13,2,2,2,0,1
41,2,3,3,3,1,1
41,1,8,1,1,0,1
41,4,5,4,4,1,1
41,1,7,1,1,0,1
41,12,13,12,13,1,0
41,11,2,11,11,1,1
41,6,13,13,13,1,1
41,1,3,1,3,1,0
41,2,1,1,2,1,0
41,10,6,6,6,0,1
41,12,5,5,5,0,1
41,1,3,1,3,0,0
41,9,12,12,9,0,0
41,10,11,10,10,1,1
41,11,6,11,11,1,1
41,4,3,3,4,1,0
41,10,2,10,2,0,0
41,2,6,2,6,1,0
41,7,5,5,5,0,1
41,12,5,5,5,0,1
41,7,10,10,10,1,1
41,6,11,6,6,0,1
41,7,8,8,8,0,1
41,5,9,9,9,1,1
41,6,2,6,6,0,1
41,9,10,10,10,1,1
41,10,6,10,10,1,1
41,13,11,13,13,0,1
41,8,10,10,10,1,1
41,8,8,8,8,1,1
41,10,4,4,4,0,1
41,4,8,8,8,1,1
41,5,13,5,5,1,1
41,0,8,8,0,0,0
41,9,11,9,9,1,1
41,6,3,6,6,0,1
41,12,6,6,6,1,1
41,0,3,0,0,0,1
42,3,2,2,3,0,0
42,12,13,13,13,1,1
42,11,4,11,11,1,1
42,2,5,5,5,0,1
42,8,7,8,8,1,1
42,0,10,0,0,0,1
42,2,0,0,0,0,1
42,9,4,4,4,1,1
42,6,5,6,6,0,1
42,5,6,5,5,1,1
42,6,6,6,6,0,1
42,4,12,4,4,1,1
42,3,7,3,3,0,1
42,1,10,10,10,1,1
42,5,3,5,5,0,1
42,5,3,3,3,0,1
42,7,9,7,9,0,0
42,5,6,6,6,0,1
42,5,7,7,7,0,1
42,11,11,11,11,1,1
42,10,4,10,10,1,1
42,1,13,13,13,1,1
42,10,6,6,10,0,0
42,6,13,6,6,1,1
42,6,13,13,13,1,1
42,9,13,13,13,0,1
42,13,5,5,5,1,1
42,5,10,5,5,0,1
42,3,0,0,3,0,0
42,0,1,0,0,1,1
42,7,9,9,9,0,1
42,10,13,13,13,0,1
42,6,9,6,6,0,1
42,6,2,2,2,0,1
42,9,2,2,2,1,1
42,10,5,5,5,0,1
42,3,8,8,8,0,1
42,10,6,6,10,0,0
42,11,7,11,11,1,1
42,10,12,12,12,0,1
42,12,0,0,0,1,1
42,7,6,7,7,0,1
42,11,3,11,11,1,1
42,11,5,5,11,0,0
42,11,0,11,11,0,1
42,8,13,13,13,1,1
42,9,1,1,1,0,1
42,10,5,5,10,0,0
42,5,7,5,5,1,1
42,4,5,5,5,1,1
42,13,0,13,13,0,1
42,11,6,11,11,1,1
42,13,6,13,13,0,1
42,1,3,3,1,0,0
42,2,3,3,3,0,1
42,11,7,11,11,1,1
42,8,6,6,6,1,1
42,11,4,4,4,1,1
42,11,5,11,11,0,1
42,13,12,13,13,0,1
42,4,1,1,1,1,1
45,9,5,9,9,1,1
45,7,5,7,7,1,1
45,9,10,9,9,0,1
45,13,9,9,9,1,1
45,13,13,13,13,1,1
45,7,3,7,7,1,1
45,7,9,9,7,0,0
45,4,13,13,13,1,1
45,11,7,11,7,1,0
45,11,4,4,4,1,1
45,8,13,8,13,1,0
45,6,4,4,6,0,0
45,12,1,12,12,0,1
45,0,11,0,0,1,1
45,1,9,1,1,1,1
45,4,3,3,3,1,1
45,2,3,2,2,0,1
45,3,10,3,3,1,1
45,13,6,6,6,0,1
45,1,9,9,9,1,1
45,2,11,2,2,1,1
45,8,2,8,8,0,1
45,7,7,7,7,0,1
45,12,12,12,12,0,1
45,11,4,4,4,0,1
45,10,4,10,10,1,1
45,9,3,3,3,0,1
45,4,0,0,0,0,1
45,8,1,1,1,0,1
45,1,4,1,1,0,1
45,12,3,3,3,0,1
45,10,8,8,8,0,1
45,6,3,3,3,1,1
45,6,3,6,6,1,1
45,2,7,2,2,0,1
45,2,3,2,2,1,1
45,2,4,2,2,0,1
45,8,13,13,13,1,1
45,9,1,9,9,1,1
45,13,1,1,1,1,1
45,3,13,13,13,0,1
45,8,4,4,8,0,0
45,2,11,11,11,0,1
45,7,0,7,7,1,1
45,1,6,6,6,0,1
45,13,10,10,10,1,1
45,5,8,5,5,1,1
45,13,4,13,13,0,1
45,13,7,7,7,0,1
45,7,12,12,12,1,1
47,3,7,7,7,0,1
47,0,11,0,0,1,1
47,3,9,3,3,1,1
47,5,1,1,1,0,1
47,9,1,9,9,1,1
47,4,0,4,0,1,0
47,2,5,2,5,1,0
47,9,2,2,2,0,1
47,13,3,3,3,1,1
47,6,3,3,3,1,1
47,1,13,1,1,1,1
47,4,4,4,4,0,1
47,2,9,2,2,0,1
47,12,7,7,12,1,0
47,5,8,5,5,1,1
47,7,0,7,7,1,1
47,8,6,8,6,1,0
47,4,0,4,4,0,1
48,12,9,9,9,0,1
48,6,5,5,5,1,1
48,8,3,8,8,1,1
48,2,13,2,13,0,0
48,12,12,12,12,0,1
48,7,3,7,7,1,1
48,5,1,5,5,1,1
48,1,10,1,1,0,1
48,7,3,7,7,0,1
48,13,10,13,10,1,0
48,9,1,1,1,0,1
48,5,5,5,5,0,1
48,9,12,12,12,0,1
48,1,9,1,1,0,1
48,5,7,5,5,1,1
48,7,9,7,9,1,0
48,1,3,1,1,1,1
48,1,5,1,1,1,1
48,9,0,0,0,0,1
48,2,8,8,8,0,1
48,7,10,10,10,1,1
48,11,2,2,2,0,1
48,13,0,13,13,0,1
48,6,7,6,7,1,0
48,9,7,9,9,0,1
48,5,1,1,1,0,1
48,13,0,0,0,0,1
48,11,11,11,11,1,1
48,3,9,3,3,1,1
48,8,13,8,8,0,1
49,11,4,11,11,0,1
49,13,3,13,3,0,0
49,4,6,4,4,1,1
49,3,7,3,3,1,1
49,3,5,3,3,1,1
49,7,11,11,11,1,1
49,13,4,4,4,0,1
49,5,6,6,6,0,1
49,4,0,0,0,0,1
49,8,13,8,13,0,0
49,6,2,6,2,1,0
49,3,2,2,3,0,0
49,6,2,2,2,0,1
49,8,0,0,0,1,1
49,3,11,3,3,0,1
49,7,13,7,13,1,0
49,4,13,4,4,1,1
49,10,0,10,10,0,1
49,9,13,13,13,0,1
49,10,13,10,10,0,1
49,0,9,0,0,0,1
49,2,13,2,13,0,0
49,4,5,4,4,0,1
49,12,1,12,12,1,1
49,6,11,6,6,1,1
49,8,6,8,8,0,1
49,13,3,3,3,0,1
49,4,11,4,4,0,1
49,13,9,9,9,0,1
49,12,6,6,6,0,1
49,2,13,13,13,0,1
49,8,11,8,8,0,1
49,11,7,7,7,0,1
49,12,11,12,12,1,1
49,7,8,8,8,1,1
49,4,9,4,4,0,1
49,7,8,7,8,0,0
49,12,3,12,12,1,1
49,6,0,6,0,0,0
49,4,12,4,4,1,1
49,10,2,2,2,1,1
49,1,4,1,4,1,0
49,13,1,13,13,0,1
49,7,3,3,3,1,1
49,8,9,8,9,1,0
49,11,2,2,2,1,1
53,8,3,3,3,0,1
53,2,6,6,6,0,1
53,10,8,8,8,0,1
53,12,3,12,12,1,1
53,10,9,10,10,1,1
53,8,9,8,9,0,0
53,10,11,11,11,0,1
53,12,0,0,0,0,1
53,1,11,1,1,1,1
53,8,0,0,0,0,1
53,2,13,2,2,1,1
53,3,5,3,3,0,1
53,4,9,9,4,0,0
53,11,9,9,9,0,1
53,6,4,6,6,0,1
53,2,6,2,2,0,1
53,4,7,4,7,1,0
55,2,11,2,2,1,1
55,9,13,13,13,1,1
55,3,5,3,3,1,1
55,11,12,11,11,0,1
55,9,4,9,9,0,1
55,8,13,8,8,0,1
55,12,4,12,12,0,1
55,9,6,6,6,0,1
55,6,13,6,6,0,1
55,8,11,8,8,1,1
55,13,2,13,13,0,1
55,9,6,9,9,1,1
55,13,3,3,3,0,1
55,11,5,11,11,0,1
55,6,1,1,1,1,1
55,3,4,3,4,1,0
55,4,8,4,4,0,1
55,5,0,0,5,0,0
55,8,12,8,12,1,0
55,6,12,12,12,0,1
55,1,13,13,1,0,0
55,9,2,2,2,0,1
55,13,11,13,11,0,0
55,4,1,4,4,1,1
55,4,8,4,8,1,0
55,6,2,6,2,1,0
55,3,12,3,3,1,1
55,8,10,10,10,1,1
55,7,8,8,8,0,1
55,8,0,0,0,1,1
55,4,10,10,10,0,1
55,10,0,10,0,1,0
55,7,2,7,7,1,1
55,6,12,6,6,0,1
55,9,6,9,9,0,1
55,4,10,10,10,0,1
55,9,10,10,10,0,1
55,9,8,9,9,0,1
55,8,0,0,0,0,1
55,8,9,9,9,0,1
55,7,2,2,2,0,1
55,10,0,10,10,0,1
55,11,12,12,12,0,1
55,9,3,9,9,0,1
55,13,9,13,9,1,0
55,6,3,6,6,1,1
55,9,7,9,7,1,0
55,5,12,12,12,1,1
55,4,13,13,13,1,1
55,5,12,5,12,0,0
55,13,8,8,8,0,1
55,12,7,7,7,0,1
55,2,2,2,2,1,1
55,10,7,10,10,1,1
55,2,5,2,2,0,1
55,3,1,1,1,1,1
55,11,10,11,11,0,1
55,5,10,5,5,1,1
55,10,5,10,5,0,0
55,3,9,3,3,1,1
55,10,11,10,10,0,1
55,3,0,0,0,0,1
55,9,12,9,9,1,1
55,12,2,12,12,1,1
55,9,13,13,13,1,1
55,5,12,12,12,0,1
55,7,5,5,5,0,1
55,11,6,6,6,0,1
55,11,11,11,11,1,1
55,4,11,4,4,0,1
55,12,13,13,13,0,1
55,9,7,9,9,0,1
55,4,6,4,4,0,1
55,0,11,0,0,0,1
55,3,9,3,3,0,1
56,13,10,10,10,0,1
56,2,3,2,2,1,1
56,7,13,7,7,0,1
56,4,9,9,9,1,1
56,13,9,9,9,1,1
56,11,8,11,8,1,0
56,12,9,12,9,1,0
56,1,5,5,5,1,1
56,3,6,3,3,0,1
56,9,8,9,9,0,1
56,11,2,2,2,1,1
56,7,0,7,7,0,1
56,4,5,5,5,0,1
56,13,7,13,13,0,1
56,8,5,8,8,0,1
56,2,3,3,3,0,1
56,1,7,7,7,0,1
56,11,5,11,5,1,0
56,10,6,6,6,1,1
56,12,8,8,8,1,1
56,10,12,10,10,0,1
56,8,11,11,11,1,1
56,6,8,6,6,0,1
56,12,6,12,12,0,1
56,5,9,5,5,0,1
56,2,3,3,3,1,1
56,7,5,5,5,1,1
56,12,1,1,1,0,1
56,13,8,8,8,1,1
56,5,3,5,5,1,1
56,3,6,6,6,0,1
56,2,4,2,2,0,1
59,6,6,6,6,1,1
59,3,4,4,4,1,1
59,1,6,6,6,1,1
59,12,10,12,12,1,1
59,3,13,3,3,1,1
59,13,0,0,0,0,1
59,11,5,11,11,1,1
59,8,5,8,8,1,1
59,11,5,5,5,1,1
59,5,11,5,5,1,1
59,11,10,11,11,1,1
59,7,9,7,7,1,1
59,9,7,7,7,1,1
59,5,1,1,1,1,1
59,13,5,5,5,0,1
59,13,7,7,7,0,1
59,9,7,7,7,0,1
59,3,0,0,0,1,1
59,2,13,2,2,1,1
59,13,12,13,13,1,1
59,1,3,1,1,1,1
59,12,0,12,12,1,1
59,12,0,12,12,0,1
59,11,4,4,4,0,1
59,2,3,3,3,1,1
59,12,10,12,12,0,1
59,10,7,10,10,0,1
59,11,3,11,11,1,1
59,9,13,9,9,1,1
59,9,7,7,7,0,1
59,10,6,6,6,0,1
59,9,7,7,7,0,1
59,11,3,11,11,1,1
59,0,8,0,0,1,1
59,8,12,12,8,1,0
59,3,6,6,6,0,1
59,4,6,6,6,1,1
59,4,11,11,11,0,1
59,2,3,2,2,0,1
59,8,2,8,8,0,1
59,10,2,2,2,1,1
59,1,9,9,9,0,1
59,8,11,11,11,0,1
59,6,2,2,2,0,1
60,2,12,12,2,1,0
60,5,11,11,11,0,1
60,4,3,3,3,1,1
60,2,3,2,2,0,1
60,4,12,12,12,1,1
60,6,9,6,6,1,1
60,13,6,13,13,1,1
60,1,2,2,2,0,1
60,4,2,2,2,0,1
60,7,11,11,11,0,1
60,5,4,5,5,1,1
60,4,11,11,11,0,1
60,7,13,13,13,1,1
60,8,12,12,12,1,1
60,12,5,12,12,0,1
60,10,13,13,13,1,1
60,3,0,0,0,1,1
60,0,3,0,0,0,1
60,10,12,12,12,1,1
60,10,9,9,9,1,1
60,5,6,5,6,1,0
60,9,1,9,9,0,1
60,11,7,7,7,1,1
60,4,12,4,4,0,1
60,11,12,11,11,0,1
60,11,2,11,11,0,1
60,13,0,13,0,0,0
60,4,0,4,4,0,1
61,2,6,6,6,0,1
61,4,12,12,12,1,1
61,13,5,13,13,0,1
61,11,1,11,1,1,0
61,13,1,1,1,1,1
61,11,0,0,0,1,1
61,1,3,1,1,1,1
61,4,13,4,4,0,1
61,4,9,9,9,1,1
61,7,6,7,7,1,1
61,7,9,9,9,1,1
61,1,5,1,1,1,1
61,5,4,4,4,0,1
61,4,3,3,3,0,1
61,8,11,8,8,1,1
61,4,0,4,4,0,1
61,8,13,8,8,1,1
63,4,11,11,11,1,1
63,12,8,8,12,0,0
63,13,9,9,9,1,1
63,1,1,1,1,0,1
63,6,0,6,6,1,1
63,9,4,4,4,1,1
63,9,11,9,9,0,1
63,8,12,8,8,0,1
63,3,2,3,2,1,0
63,3,8,8,8,1,1
63,7,8,8,8,0,1
63,9,8,9,9,0,1
63,4,10,4,4,0,1
63,0,11,0,0,0,1
63,12,7,7,7,1,1
63,13,2,13,13,1,1
63,13,8,8,8,0,1
63,6,9,6,6,1,1
63,9,8,9,9,0,1
63,2,9,2,2,0,1
63,2,5,5,5,1,1
63,8,10,8,8,0,1
63,4,0,4,4,1,1
63,9,0,0,0,0,1
63,9,11,11,11,1,1
63,13,7,7,7,0,1
63,12,11,12,12,1,1
63,12,4,12,12,1,1
63,6,12,12,12,1,1
63,3,5,3,3,0,1
63,5,11,11,11,1,1
63,4,8,8,8,1,1
63,0,6,6,0,1,0
63,9,5,5,5,1,1
63,4,10,4,4,0,1
63,0,10,10,0,0,0
63,13,7,13,13,0,1
63,10,6,10,10,1,1
63,2,1,1,1,0,1
66,1,9,9,1,0,0
66,7,3,7,7,1,1
66,0,12,0,0,1,1
66,11,1,11,1,1,0
66,2,9,2,2,0,1
66,10,8,10,8,1,0
66,6,2,2,2,1,1
66,6,8,8,8,0,1
66,13,9,13,9,0,0
66,7,7,7,7,0,1
66,6,11,6,6,1,1
66,7,3,7,3,1,0
66,0,10,0,0,0,1
66,4,13,13,4,1,0
66,12,5,12,12,0,1
66,1,9,9,9,1,1
66,12,11,11,11,0,1
66,11,3,11,11,1,1
66,10,12,10,10,1,1
66,9,2,9,9,0,1
66,1,5,5,5,1,1
66,0,2,0,0,1,1
66,6,1,6,6,1,1
66,4,2,4,4,0,1
66,6,7,7,7,0,1
66,7,5,7,7,0,1
66,2,8,8,8,0,1
66,5,2,5,2,0,0
66,1,2,2,2,0,1
66,10,1,1,1,1,1
66,2,9,9,9,1,1
66,9,11,9,11,1,0
66,4,5,5,5,1,1
66,10,10,10,10,1,1
66,8,3,8,8,0,1
66,2,8,8,8,1,1
66,4,1,4,1,0,0
66,1,6,1,6,0,0
66,12,12,12,12,1,1
66,8,12,8,8,1,1
66,5,0,0,0,1,1
66,12,7,12,12,0,1
66,4,8,4,4,1,1
66,0,4,0,0,1,1
66,7,9,7,7,1,1
66,3,7,7,7,0,1
66,2,6,2,6,1,0
66,9,7,7,7,0,1
67,3,10,3,3,0,1
67,13,5,13,13,1,1
67,8,2,8,8,1,1
67,1,8,1,1,0,1
67,3,1,1,3,1,0
67,12,11,12,12,1,1
67,9,13,13,13,1,1
67,13,3,13,13,0,1
67,8,13,13,13,1,1
67,8,7,7,7,1,1
67,3,2,2,2,1,1
67,9,12,9,9,1,1
67,9,3,9,9,1,1
67,8,10,8,8,0,1
67,7,1,1,1,0,1
67,1,2,1,1,1,1
67,7,6,6,6,1,1
67,6,6,6,6,1,1
67,12,2,2,2,1,1
67,5,4,5,5,0,1
67,2,8,8,2,1,0
67,7,7,7,7,0,1
67,3,12,3,3,1,1
67,1,4,1,4,1,0
67,6,3,6,6,1,1
67,2,13,13,13,1,1
67,10,12,12,12,1,1
67,10,9,10,10,1,1
67,5,1,5,5,1,1
67,3,11,3,11,1,0
67,6,8,6,6,1,1
67,3,6,3,3,1,1
67,4,11,4,4,0,1
67,1,13,13,13,1,1
70,11,12,12,12,0,1
70,13,5,5,5,1,1
70,8,0,8,8,1,1
70,1,8,1,1,0,1
70,6,8,6,8,1,0
70,11,3,11,11,0,1
70,10,13,13,13,1,1
70,7,11,7,7,1,1
70,13,8,13,13,1,1
70,12,4,4,4,1,1
70,6,3,6,6,1,1
70,9,4,4,4,0,1
70,11,10,10,10,1,1
70,12,4,12,12,1,1
70,13,13,13,13,1,1
70,13,7,13,7,1,0
70,1,12,1,1,1,1
70,8,13,13,13,1,1
70,7,10,7,7,0,1
70,7,12,12,12,0,1
70,8,2,8,2,1,0
70,13,10,13,13,1,1
70,9,4,9,9,0,1
70,3,6,3,3,1,1
70,0,8,0,0,1,1
70,3,10,10,10,0,1
70,0,4,0,0,1,1
70,8,10,10,10,0,1
70,13,10,13,13,0,1
70,1,3,1,1,0,1
70,12,11,11,11,0,1
70,4,5,4,4,1,1
70,5,2,5,2,1,0
70,6,9,6,6,0,1
73,12,13,13,13,1,1
73,10,2,10,10,1,1
73,0,9,0,0,1,1
73,4,3,3,3,1,1
73,2,13,2,2,0,1
73,9,3,3,9,1,0
73,9,10,10,10,0,1
73,5,8,5,5,1,1
73,5,12,12,12,1,1
73,3,8,3,3,1,1
73,3,12,12,12,1,1
73,9,3,3,3,0,1
73,3,10,3,3,0,1
73,11,3,3,3,1,1
73,6,2,2,2,0,1
73,7,8,8,8,1,1
73,6,3,6,3,0,0
73,7,3,7,7,0,1
73,4,0,0,0,1,1
73,9,7,9,9,1,1
73,13,8,8,8,0,1
73,6,6,6,6,0,1
73,6,3,3,3,1,1
73,12,3,12,12,1,1
73,10,13,10,10,0,1
73,2,5,2,2,1,1
74,13,4,4,4,0,1
74,4,5,5,5,0,1
74,4,12,4,12,1,0
74,8,1,1,1,0,1
74,13,10,13,13,0,1
74,1,9,1,9,0,0
74,2,3,3,3,1,1
74,2,1,1,1,0,1
74,11,6,11,11,0,1
74,6,9,6,6,1,1
74,0,4,0,0,1,1
74,5,2,5,5,1,1
74,9,1,9,9,1,1
74,5,10,10,10,1,1
74,5,5,5,5,0,1
74,9,3,9,9,1,1
74,13,2,2,2,0,1
74,11,7,11,11,1,1
74,2,7,2,2,1,1
74,9,12,12,12,1,1
74,4,4,4,4,0,1
74,12,5,12,12,1,1
74,5,10,5,5,0,1
74,6,12,12,12,0,1
74,2,0,0,0,1,1
74,9,0,0,0,1,1
74,10,12,12,12,1,1
74,8,11,8,8,0,1
74,11,13,11,11,0,1
74,1,1,1,1,0,1
74,2,4,4,4,1,1
74,8,2,8,8,1,1
74,0,6,0,0,1,1
74,4,9,9,9,1,1
74,4,1,1,1,1,1
74,3,2,3,3,1,1
74,10,5,10,10,1,1
74,3,8,3,3,1,1
74,11,2,2,2,0,1
75,12,11,12,11,0,0
75,7,6,6,6,0,1
75,1,5,1,1,0,1
75,7,0,7,7,0,1
75,2,0,2,2,1,1
75,9,2,9,9,1,1
75,7,10,10,10,1,1
75,12,2,2,12,0,0
75,5,1,5,1,0,0
75,11,11,11,11,0,1
75,5,2,5,5,1,1
75,4,13,13,13,1,1
75,8,1,8,8,1,1
75,11,6,11,11,0,1
75,5,3,5,5,0,1
75,9,5,9,5,0,0
75,12,10,12,12,1,1
75,9,12,9,9,0,1
75,2,11,2,2,0,1
87,1,11,1,1,0,1
87,10,2,10,10,1,1
87,10,5,5,5,0,1
87,1,1,1,1,1,1
87,0,4,0,0,0,1
87,5,12,5,5,1,1
87,5,11,11,11,0,1
87,2,11,2,2,0,1
88,4,3,3,3,1,1
88,1,3,1,1,0,1
88,4,2,2,4,1,0
88,6,5,6,5,0,0
88,3,8,8,8,0,1
88,8,2,8,8,1,1
88,6,0,0,0,1,1
88,13,8,13,13,0,1
88,8,12,12,12,1,1
89,10,12,10,10,0,1
89,12,10,10,10,0,1
89,13,13,13,13,1,1
89,1,13,13,13,1,1
89,4,5,5,5,0,1
89,4,5,4,4,0,1
89,10,12,12,10,0,0
89,13,2,2,2,0,1
89,12,11,11,11,0,1
89,11,7,7,7,1,1
89,1,12,12,12,1,1
89,13,2,13,13,0,1
89,3,2,3,2,0,0
89,5,0,5,5,1,1
89,3,11,3,3,1,1
89,8,1,1,1,1,1
89,7,13,13,13,0,1
89,9,9,9,9,0,1
89,1,8,1,1,1,1
89,13,3,3,3,0,1
89,12,12,12,12,0,1
89,13,2,13,13,0,1
89,9,12,9,9,1,1
89,9,10,10,10,0,1
89,3,13,3,3,1,1
89,8,3,8,8,1,1
89,1,9,1,1,0,1
89,1,6,1,1,1,1
89,10,11,11,11,1,1
89,9,11,11,11,1,1
89,9,11,11,11,0,1
89,10,3,10,10,0,1
89,3,7,3,3,0,1
89,5,8,5,5,0,1
89,2,6,2,2,0,1
89,0,10,0,0,0,1
89,13,3,13,13,1,1
89,2,13,2,2,1,1
89,3,4,3,3,1,1
89,10,11,11,11,1,1
89,9,1,9,1,0,0
90,6,0,0,0,0,1
90,8,4,8,8,0,1
90,8,8,8,8,1,1
90,9,12,9,9,0,1
90,13,5,13,13,0,1
90,12,8,12,12,0,1
90,4,11,4,4,1,1
90,11,9,9,9,1,1
90,10,12,12,12,1,1
90,5,12,5,5,0,1
90,9,12,12,12,1,1
90,4,8,4,8,0,0
90,7,9,7,9,1,0
90,4,11,4,4,1,1
90,10,11,10,10,1,1
90,9,3,3,3,0,1
90,1,9,9,9,1,1
90,8,7,8,8,0,1
90,13,4,13,13,0,1
90,13,2,2,2,0,1
90,6,5,6,6,0,1
90,12,0,12,12,0,1
90,13,7,7,7,1,1
90,11,0,0,0,1,1
90,5,4,4,4,0,1
90,9,2,9,9,0,1
90,7,2,2,2,0,1
90,13,9,13,9,0,0
90,10,7,10,10,0,1
90,12,11,11,11,1,1
90,10,2,10,10,1,1
90,13,5,13,13,1,1
90,6,7,7,7,1,1
90,4,11,4,11,0,0
90,1,1,1,1,0,1
90,5,0,5,5,1,1
90,11,3,3,3,1,1
90,3,2,2,2,1,1
90,11,0,11,0,0,0
90,6,4,6,4,0,0
90,2,6,6,6,1,1
90,13,0,0,0,1,1
90,5,3,3,3,1,1
90,6,0,6,6,1,1
94,0,1,0,0,0,1
94,4,4,4,4,0,1
94,12,3,3,3,0,1
94,12,0,12,12,0,1
94,13,5,5,5,1,1
94,6,11,11,11,1,1
94,5,2,2,2,1,1
94,2,10,2,10,1,0
94,3,0,0,0,0,1
94,6,2,6,6,0,1
94,1,0,1,1,1,1
94,6,9,9,9,1,1
94,11,12,11,12,1,0
94,3,4,3,3,1,1
94,13,7,13,7,0,0
94,4,1,1,1,1,1
94,3,1,3,3,1,1
94,0,3,0,0,0,1
94,11,0,0,0,0,1
94,0,5,0,0,1,1
94,1,8,1,1,0,1
94,9,4,9,9,0,1
94,7,0,7,7,1,1
94,5,1,5,5,1,1
94,12,7,12,12,1,1
94,11,13,11,11,1,1
94,0,13,0,0,1,1
94,1,10,1,1,1,1
94,7,11,11,11,0,1
94,7,1,1,1,0,1
94,9,8,9,9,1,1
94,2,5,5,5,0,1
94,7,13,7,7,1,1
95,1,11,1,1,0,1
95,0,3,0,0,1,1
95,12,0,12,12,1,1
95,9,7,9,9,0,1
95,2,9,9,2,0,0
95,13,2,13,13,0,1
95,1,1,1,1,1,1
95,8,3,3,3,0,1
95,10,5,10,10,1,1
95,6,4,6,6,0,1
95,4,0,0,0,0,1
95,13,12,12,13,0,0
96,13,9,9,9,0,1
96,4,8,4,4,0,1
96,6,13,6,6,0,1
96,5,4,5,5,0,1
96,9,2,2,2,0,1
96,6,11,11,11,0,1
96,13,13,13,13,0,1
96,9,1,9,9,1,1
97,7,3,7,7,1,1
97,1,11,1,1,0,1
97,13,3,13,13,1,1
97,11,11,11,11,0,1
97,10,6,10,6,0,0
109,9,7,9,9,0,1
109,5,5,5,5,1,1
109,6,3,3,3,1,1
109,9,13,9,9,0,1
109,12,2,12,2,0,0
109,11,7,7,7,1,1
109,10,2,2,2,1,1
109,4,10,10,10,1,1
109,13,5,5,13,1,0
109,4,10,10,10,1,1
109,5,8,8,8,1,1
109,10,12,12,12,0,1
109,0,8,0,0,0,1
109,3,8,8,8,1,1
109,5,2,2,2,0,1
109,4,7,7,7,0,1
109,2,12,2,12,1,0
109,9,12,9,9,0,1
109,4,4,4,4,0,1
109,11,7,11,11,0,1
109,9,11,9,9,0,1
109,10,11,11,11,0,1
109,12,10,12,10,1,0
109,12,10,10,10,0,1
109,8,2,8,2,0,0
109,9,5,9,9,1,1
109,2,6,2,2,1,1
109,11,8,8,8,0,1
109,9,0,9,9,0,1
109,0,3,0,0,1,1
109,6,8,6,8,1,0
109,10,5,10,10,0,1
110,1,0,0,0,0,1
110,12,12,12,12,0,1
110,3,4,4,3,1,0
110,12,4,12,4,0,0
110,10,3,3,10,0,0
110,13,11,11,11,0,1
110,9,11,9,9,0,1
110,11,2,11,11,0,1
110,11,8,11,11,1,1
110,2,10,10,2,1,0
110,13,3,13,13,1,1
110,4,3,4,3,0,0
110,0,10,0,0,1,1
110,13,2,2,2,0,1
110,4,1,1,4,1,0
111,7,11,7,7,1,1
111,2,9,9,9,1,1
111,11,8,11,8,1,0
111,13,1,1,1,0,1
111,6,13,13,13,1,1
111,10,11,11,10,1,0
111,9,0,9,0,0,0
111,5,3,3,3,0,1
115,7,3,7,7,1,1
115,8,5,5,5,0,1
115,6,5,6,5,0,0
115,2,5,5,2,0,0
115,13,11,13,13,0,1
116,12,11,12,12,1,1
116,9,11,11,9,0,0
116,3,4,4,3,0,0
116,2,10,2,2,0,1
116,11,0,0,0,0,1
116,10,11,11,11,1,1
116,4,8,8,8,1,1
116,2,11,2,11,0,0
116,2,5,2,2,1,1
116,13,5,5,13,0,0
116,5,0,5,5,1,1
116,10,6,10,10,1,1
116,12,1,1,1,1,1
116,10,9,9,9,1,1
116,1,4,1,1,1,1
116,4,9,9,4,0,0
116,3,12,3,3,1,1
116,11,4,11,11,0,1
116,6,13,6,13,0,0
116,7,0,0,0,0,1
116,6,2,6,2,0,0
116,6,8,6,8,0,0
116,7,5,5,5,1,1
116,11,5,5,5,1,1
116,9,10,9,9,1,1
116,1,5,5,5,1,1
116,7,5,5,7,0,0
116,4,0,0,0,1,1
116,13,9,9,9,0,1
116,3,12,3,3,0,1
116,7,4,4,4,1,1
116,1,12,1,1,0,1
116,12,13,12,12,0,1
116,0,12,0,0,0,1
116,1,8,1,1,1,1
116,3,12,3,3,1,1
116,1,0,0,0,0,1
116,5,12,12,12,0,1
116,13,12,12,12,0,1
116,3,4,4,4,1,1
116,7,12,7,12,0,0
116,13,9,13,13,0,1
116,2,0,2,2,1,1
116,12,1,12,12,0,1
116,11,8,11,11,0,1
116,9,8,8,8,1,1
116,11,6,6,6,1,1
116,5,6,5,5,0,1
116,5,13,5,5,0,1
116,4,9,9,9,1,1
116,6,1,6,6,1,1
116,9,7,7,7,0,1
116,0,4,4,0,0,0
116,8,5,5,8,0,0
116,1,9,9,9,0,1
116,1,4,1,1,0,1
116,11,7,7,7,0,1
116,5,0,0,0,1,1
116,1,7,1,1,0,1
116,9,7,7,7,0,1
117,7,0,0,0,1,1
117,0,10,0,0,0,1
117,12,7,7,7,0,1
117,7,13,13,13,0,1
117,10,3,3,3,1,1
117,4,12,12,4,0,0
117,3,10,3,3,1,1
117,1,2,1,1,1,1
117,3,12,3,3,1,1
117,9,7,7,7,0,1
117,8,1,8,1,1,0
117,4,11,4,11,0,0
117,11,12,11,11,1,1
117,3,4,4,4,1,1
117,6,12,12,12,1,1
117,0,5,5,0,0,0
117,5,0,5,5,1,1
117,8,2,2,2,1,1
117,8,6,8,8,1,1
117,10,0,10,10,0,1
117,12,11,11,12,0,0
117,13,10,13,13,0,1
117,8,13,13,13,0,1
117,9,5,9,9,1,1
117,1,0,0,1,0,0
117,1,8,8,8,1,1
117,2,12,12,12,0,1
117,10,13,10,10,0,1
117,1,4,1,4,0,0
117,4,0,4,4,0,1
117,10,12,12,12,1,1
117,7,1,1,1,0,1
117,13,4,4,4,1,1
117,13,3,13,3,0,0
117,7,5,5,5,1,1
117,4,6,4,4,1,1
117,5,6,5,5,0,1
117,3,3,3,3,1,1
117,9,1,9,9,1,1
117,7,13,13,13,1,1
117,4,12,12,12,1,1
117,10,3,3,3,1,1
117,6,0,0,6,0,0
118,3,11,11,11,0,1
118,10,0,0,0,1,1
118,12,4,12,12,0,1
118,11,10,11,11,1,1
118,8,12,12,8,1,0
118,7,13,7,7,0,1
118,9,6,6,9,0,0
118,1,6,6,6,0,1
118,5,2,2,2,0,1
118,5,13,5,5,0,1
118,12,8,8,12,1,0
118,9,7,7,7,0,1
118,7,2,2,7,1,0
118,0,5,0,0,1,1
118,13,1,13,13,0,1
118,5,0,5,5,0,1
118,1,13,13,13,0,1
118,7,9,7,7,1,1
118,3,6,6,6,0,1
118,7,10,7,7,1,1
118,6,9,9,9,1,1
118,10,13,10,10,0,1
118,2,8,8,8,1,1
118,6,3,6,6,1,1
118,3,11,11,3,0,0
118,9,8,8,8,0,1
118,11,7,11,11,0,1
118,10,2,2,2,0,1
118,3,13,13,13,0,1
119,1,0,0,0,1,1
119,11,8,11,11,1,1
119,5,0,0,0,1,1
119,6,10,6,6,0,1
119,4,13,13,13,1,1
119,2,3,3,3,0,1
119,11,2,11,11,1,1
119,9,3,3,9,0,0
119,9,9,9,9,0,1
119,2,7,7,7,0,1
119,6,4,4,6,0,0
119,6,4,4,6,0,0
119,2,7,7,7,0,1
119,6,0,0,0,0,1
119,8,2,2,2,0,1
119,5,4,4,5,1,0
119,8,7,8,8,0,1
119,6,0,0,6,1,0
119,9,7,7,7,1,1
119,7,0,7,0,1,0
119,8,5,8,8,0,1
119,5,4,4,5,0,0
119,0,9,0,0,0,1
119,2,4,2,2,1,1
119,8,10,10,10,1,1
119,3,9,3,9,0,0
119,1,6,1,1,0,1
119,4,13,4,13,1,0
119,1,12,12,12,0,1
119,7,0,7,7,1,1
119,8,5,8,8,0,1
119,10,2,2,2,1,1
119,8,10,8,8,0,1
119,8,6,8,8,1,1
119,2,1,2,2,1,1
119,9,9,9,9,0,1
119,8,9,8,8,0,1
119,12,8,12,12,0,1
119,6,5,5,5,0,1
119,7,11,11,7,0,0
119,6,8,8,6,1,0
119,12,1,1,12,0,0
119,13,1,1,13,1,0
119,4,7,4,4,0,1
123,9,12,9,9,1,1
123,7,6,6,6,0,1
123,12,6,6,12,0,0
123,11,11,11,11,0,1
123,7,3,7,7,0,1
123,5,0,5,5,0,1
123,3,2,2,3,0,0
123,6,12,12,12,0,1
123,12,10,12,12,0,1
123,4,8,8,4,1,0
123,12,4,4,12,1,0
123,4,4,4,4,1,1
123,8,0,8,8,0,1
123,4,13,13,13,1,1
123,7,6,7,7,1,1
123,8,5,8,8,0,1
123,3,6,6,6,0,1
123,13,9,13,13,0,1
123,6,7,7,6,0,0
123,5,7,7,7,1,1
123,2,5,5,5,1,1
123,6,1,6,6,1,1
123,10,8,8,8,1,1
123,5,0,0,0,0,1
123,9,0,9,9,1,1
123,2,7,7,7,0,1
123,4,12,4,4,0,1
123,13,10,10,10,0,1
123,7,2,7,7,1,1
123,5,6,5,5,1,1
123,6,3,3,3,0,1
123,13,3,3,3,1,1
123,13,13,13,13,0,1
123,3,4,4,4,0,1
123,10,4,4,4,1,1
123,9,0,9,9,1,1
123,1,9,9,9,1,1
126,4,3,4,4,1,1
126,11,5,5,5,1,1
126,11,11,11,11,0,1
126,3,8,3,3,1,1
126,2,1,1,1,1,1
126,5,13,13,13,0,1
126,3,7,7,7,1,1
126,7,0,7,7,1,1
126,7,7,7,7,0,1
126,12,8,8,8,0,1
126,6,4,4,4,1,1
126,8,4,4,4,1,1
126,6,4,6,4,1,0
126,10,11,10,11,1,0
126,9,12,9,9,1,1
126,5,7,5,7,0,0
130,4,3,4,4,1,1
130,1,10,10,10,0,1
130,7,6,7,6,0,0
130,1,2,1,1,1,1
130,7,4,4,4,0,1
130,5,0,0,0,0,1
130,11,13,13,13,0,1
130,1,12,1,1,0,1
130,8,11,8,8,0,1
130,0,12,0,0,1,1
130,0,6,0,0,0,1
131,5,5,5,5,1,1
132,10,6,10,10,1,1
132,10,10,10,10,1,1
132,12,10,12,12,1,1
132,12,3,12,12,0,1
132,3,1,3,3,0,1
132,3,8,3,3,1,1
132,9,13,13,9,0,0
136,0,2,0,0,1,1
136,12,10,12,10,0,0
136,12,11,11,12,0,0
137,8,1,8,8,1,1
137,3,7,3,3,1,1
140,10,8,10,10,1,1
140,13,11,11,13,0,0
140,1,13,1,1,0,1
140,10,1,1,1,1,1
140,8,4,8,4,0,0
140,11,9,9,9,0,1
140,10,13,13,13,1,1
140,5,7,7,7,1,1
140,7,12,12,12,1,1
140,1,11,1,1,0,1
140,3,12,3,3,0,1
140,5,3,3,3,1,1
140,2,13,13,2,0,0
140,8,1,8,8,1,1
140,4,0,4,4,0,1
140,7,6,6,7,0,0
140,2,5,2,2,0,1
143,13,10,10,10,1,1
143,0,4,0,0,0,1
143,5,5,5,5,1,1
143,11,6,11,6,0,0
143,0,12,12,0,0,0
143,6,6,6,6,1,1
143,9,13,9,9,1,1
143,2,11,2,2,1,1
143,13,13,13,13,0,1
143,2,1,2,2,1,1
143,11,0,11,0,1,0
143,7,10,7,10,1,0
143,12,7,7,7,1,1
143,2,7,7,7,1,1
143,7,0,7,7,0,1
144,9,12,9,9,0,1
144,10,12,10,12,0,0
144,1,11,1,1,0,1
144,10,2,2,2,0,1
144,8,13,8,13,1,0
144,8,6,8,6,1,0
144,2,3,2,3,1,0
144,6,9,6,6,1,1
144,4,0,4,4,1,1
144,7,7,7,7,0,1
144,2,13,13,2,1,0
144,4,3,4,4,1,1
144,8,2,8,8,0,1
144,9,5,9,9,0,1
144,9,7,9,9,1,1
144,10,10,10,10,0,1
144,12,8,12,12,0,1
144,10,2,2,2,1,1
144,12,2,12,12,0,1
144,11,0,11,11,0,1
144,10,3,10,10,1,1
144,3,8,8,8,0,1
144,12,4,12,12,1,1
144,7,12,12,12,0,1
144,10,11,10,10,0,1
144,7,6,7,7,1,1
144,13,11,13,13,0,1
144,13,1,13,13,1,1
144,13,2,13,13,1,1
144,1,13,13,13,1,1
144,2,5,5,5,1,1
144,0,13,0,0,1,1
144,11,8,8,8,1,1
144,5,9,5,9,1,0
151,12,9,12,9,0,0
151,3,9,3,3,1,1
151,7,5,5,5,0,1
151,6,3,6,3,1,0
152,3,13,3,3,1,1
152,4,9,4,4,0,1
152,5,1,5,5,1,1
152,12,0,0,0,0,1
152,12,10,10,10,0,1
152,9,1,1,1,1,1
152,5,3,5,5,0,1
152,7,2,2,2,0,1
157,7,6,6,6,0,1
157,8,12,12,12,1,1
157,2,0,0,0,1,1
157,11,3,3,3,0,1
158,10,8,10,10,1,1
158,6,5,6,5,0,0
158,0,13,0,0,1,1
158,7,11,11,11,1,1
158,8,9,8,8,0,1
159,10,0,10,10,1,1
159,13,7,7,7,1,1
159,2,3,3,3,1,1
159,3,10,10,10,1,1
159,10,3,3,10,1,0
159,7,3,7,7,0,1
164,8,3,8,8,1,1
164,9,10,9,9,0,1
164,13,1,1,1,0,1
164,13,8,8,13,1,0
165,5,8,8,8,1,1
167,1,6,1,1,0,1
167,1,4,1,4,0,0
167,6,5,6,5,0,0
167,12,3,12,3,0,0
167,5,3,5,5,0,1
167,2,9,2,2,1,1
167,12,0,12,12,1,1
167,2,1,2,1,1,0
167,11,4,11,4,0,0
167,8,0,0,0,0,1
167,9,3,9,9,0,1
167,11,0,0,11,0,0
167,13,12,12,12,1,1
167,13,8,8,8,0,1
167,1,2,1,2,0,0
167,4,12,4,4,1,1
167,13,0,13,13,1,1
167,6,9,9,9,0,1
167,6,10,10,10,1,1
167,10,2,10,10,0,1
167,4,8,8,8,1,1
167,5,4,5,5,1,1
167,12,4,4,4,1,1
167,2,13,2,2,1,1
167,3,1,1,1,0,1
167,2,11,2,2,0,1
167,13,9,9,9,0,1
168,11,4,11,11,1,1
168,8,13,8,13,0,0
168,5,2,5,5,1,1
168,7,0,7,7,1,1
168,12,7,12,12,1,1
168,8,1,8,1,0,0
168,7,12,7,7,1,1
168,12,4,12,12,0,1
168,13,1,13,1,1,0
168,5,7,5,5,1,1
168,7,10,7,7,0,1
168,13,8,13,13,1,1
168,8,13,13,8,1,0
168,1,9,1,1,1,1
168,2,4,2,2,0,1
168,1,5,1,5,0,0
168,9,9,9,9,0,1
168,11,12,12,11,0,0
168,12,6,12,6,0,0
168,7,12,12,12,1,1
168,13,5,13,13,1,1
168,5,4,4,4,1,1
168,2,6,2,2,1,1
168,12,4,4,4,0,1
168,2,11,11,11,1,1
168,8,9,8,9,0,0
168,8,7,8,7,1,0
168,4,12,4,4,0,1
168,12,1,12,1,0,0
168,11,3,11,11,0,1
168,1,10,10,10,1,1
168,7,12,12,7,1,0
168,7,3,3,3,1,1
168,9,0,0,0,1,1
168,1,12,12,12,1,1
168,12,6,12,6,0,0
168,6,6,6,6,1,1
168,13,11,11,11,0,1
168,5,13,13,5,0,0
168,13,13,13,13,0,1
168,6,10,6,10,1,0
168,3,13,3,3,1,1
168,0,7,0,0,0,1
168,7,13,13,13,1,1
168,4,6,6,6,0,1
168,4,3,4,3,0,0
168,5,2,5,5,1,1
168,5,2,2,5,1,0
168,12,3,3,3,0,1
168,10,10,10,10,0,1
168,11,4,4,4,0,1
168,11,5,5,11,0,0
168,8,10,10,8,1,0
168,7,1,7,1,0,0
168,3,11,3,3,0,1
168,13,12,12,12,0,1
168,5,13,5,13,1,0
171,9,2,2,2,0,1
171,1,7,7,7,0,1
171,8,13,13,13,1,1
171,10,8,8,8,0,1
171,4,13,13,13,1,1
171,13,6,13,6,0,0
171,11,1,11,11,0,1
171,7,0,0,0,1,1
171,2,11,2,2,0,1
171,9,1,1,9,0,0
171,4,1,4,1,0,0
171,13,8,8,8,1,1
171,2,0,2,0,1,0
171,7,2,7,7,1,1
171,2,6,2,2,0,1
171,4,2,4,2,1,0
171,5,0,5,5,0,1
171,13,8,8,8,0,1
171,8,5,8,8,0,1
171,13,10,10,10,1,1
171,9,11,9,9,0,1
171,3,4,3,3,0,1
171,7,11,11,11,1,1
171,11,8,11,11,1,1
171,8,2,8,8,1,1
171,1,6,1,6,1,0
172,8,6,8,8,0,1
172,0,4,0,0,1,1
172,5,9,5,5,0,1
172,2,9,2,2,0,1
172,0,3,0,0,1,1
172,11,10,10,10,0,1
172,6,2,2,2,1,1
172,13,5,5,5,0,1
172,5,7,5,5,0,1
172,8,4,8,8,0,1
172,11,7,7,7,0,1
172,2,11,2,2,0,1
172,12,13,12,12,0,1
172,13,7,7,7,0,1
172,4,11,4,4,0,1
172,2,11,11,11,0,1
172,10,2,10,10,0,1
172,12,11,11,11,1,1
172,12,10,12,12,0,1
172,11,3,3,3,1,1
172,11,9,11,11,0,1
172,6,4,4,4,1,1
172,4,7,7,4,1,0
172,1,9,9,1,0,0
172,11,0,0,0,0,1
172,9,13,13,9,1,0
172,4,7,4,7,1,0
172,4,12,4,4,0,1
172,13,8,8,8,0,1
172,12,2,12,12,0,1
172,12,10,12,12,0,1
172,4,3,4,3,0,0
173,8,11,8,8,0,1
173,8,5,8,8,0,1
173,4,8,4,4,0,1
173,11,5,5,5,1,1
173,2,13,2,2,1,1
173,2,4,2,2,0,1
173,4,11,4,4,1,1
173,9,8,9,9,1,1
173,9,4,4,4,1,1
173,9,0,0,0,1,1
173,1,12,1,12,1,0
173,5,11,11,11,0,1
173,5,9,5,5,1,1
173,9,1,9,9,0,1
173,6,6,6,6,0,1
173,2,8,2,2,1,1
173,3,8,3,3,0,1
173,4,9,9,9,1,1
173,4,5,5,5,0,1
173,10,0,0,0,0,1
173,7,1,7,7,1,1
173,6,9,9,9,0,1
173,10,4,10,10,0,1
173,13,3,13,13,0,1
173,12,6,12,12,1,1
173,13,8,13,13,1,1
173,1,5,5,5,0,1
173,8,4,4,4,0,1
173,11,6,11,11,1,1
173,3,10,10,10,1,1
173,6,9,9,9,0,1
173,1,8,8,8,0,1
173,8,3,3,3,1,1
174,12,11,12,12,0,1
174,8,8,8,8,1,1
174,0,1,1,0,1,0
174,5,1,5,5,1,1
174,4,7,7,4,0,0
174,9,0,9,9,0,1
174,3,8,8,3,0,0
174,11,12,11,11,1,1
174,13,4,13,4,1,0
174,5,8,8,8,0,1
174,11,13,11,11,1,1
174,3,6,6,6,1,1
174,10,7,7,7,0,1
174,5,1,1,1,1,1
174,6,8,6,6,1,1
174,13,10,13,13,1,1
174,7,10,7,7,0,1
174,12,10,12,12,0,1
174,3,7,3,3,1,1
174,9,10,9,10,1,0
174,9,5,5,5,0,1
174,10,0,10,10,0,1
174,11,1,11,11,0,1
174,10,3,3,3,0,1
174,3,12,12,12,1,1
174,5,10,5,5,0,1
174,9,6,9,9,1,1
174,10,11,10,10,1,1
174,3,1,1,1,0,1
174,12,8,12,12,1,1
174,8,8,8,8,1,1
174,3,4,3,3,1,1
174,0,13,0,0,1,1
174,6,8,8,8,0,1
174,1,4,1,1,0,1
174,12,6,12,12,1,1
174,4,3,4,4,1,1
174,12,5,5,5,0,1
174,1,7,7,7,1,1
174,8,4,8,8,1,1
175,13,0,13,13,0,1
175,1,4,4,4,0,1
175,1,2,2,2,1,1
175,0,7,0,0,1,1
175,12,7,7,7,0,1
175,13,11,11,11,1,1
175,3,6,3,3,0,1
175,10,5,10,10,1,1
175,13,4,13,13,1,1
175,5,11,5,5,1,1
175,13,0,0,0,0,1
175,5,9,5,9,0,0
175,0,10,0,0,1,1
175,11,2,11,11,0,1
175,6,5,5,5,0,1
175,13,5,5,5,1,1
175,9,13,9,13,1,0
175,10,6,6,6,1,1
175,3,13,3,3,0,1
175,13,10,13,13,1,1
175,4,13,4,4,0,1
178,9,10,9,9,0,1
178,11,0,11,11,0,1
178,8,9,9,9,0,1
178,2,12,2,2,1,1
178,7,3,3,3,0,1
178,6,2,2,2,0,1
178,11,11,11,11,1,1
178,12,8,8,8,0,1
178,4,11,11,11,1,1
178,3,6,6,3,0,0
178,8,2,8,2,0,0
178,12,1,1,12,1,0
178,11,7,11,11,0,1
178,8,13,8,8,0,1
178,1,2,1,1,1,1
178,6,9,9,9,1,1
178,1,7,1,1,1,1
178,12,4,12,12,0,1
178,4,7,7,7,1,1
178,7,0,0,0,0,1
178,8,5,8,8,0,1
178,7,5,7,7,1,1
178,13,11,13,13,1,1
178,7,9,9,9,1,1
178,10,0,0,0,1,1
178,11,0,11,11,1,1
178,0,11,11,0,1,0
178,11,0,11,11,0,1
178,4,0,4,4,0,1
178,13,8,8,8,0,1
179,1,7,1,7,1,0
179,2,0,2,2,0,1
179,1,6,1,1,0,1
179,12,11,12,12,0,1
179,9,5,9,5,1,0
179,0,10,0,0,1,1
179,13,7,13,13,0,1
179,2,11,11,11,0,1
179,10,3,10,10,0,1
179,9,5,5,5,1,1
179,2,6,6,6,0,1
179,7,13,7,7,0,1
179,9,0,0,0,1,1
179,13,9,9,9,1,1
179,13,9,9,9,0,1
179,2,1,2,2,1,1
179,2,6,6,2,0,0
179,1,12,12,1,1,0
179,0,4,0,0,0,1
179,5,6,6,5,0,0
179,13,11,11,11,1,1
179,10,7,10,10,0,1
179,2,9,2,2,1,1
179,5,11,11,11,1,1
179,4,13,4,4,1,1
179,12,6,6,6,0,1
179,10,13,10,10,1,1
179,2,7,7,7,1,1
179,13,12,12,12,0,1
179,6,1,6,6,1,1
179,13,6,13,13,0,1
179,6,12,6,6,0,1
179,6,8,8,8,1,1
179,10,1,1,1,0,1
179,9,8,9,9,0,1
179,2,8,8,8,1,1
179,5,4,5,5,1,1
179,4,12,12,12,1,1
180,2,12,12,12,0,1
180,13,7,13,13,0,1
180,11,2,11,11,1,1
180,10,8,10,10,1,1
180,6,4,4,4,0,1
180,6,3,6,6,0,1
180,5,12,5,12,0,0
180,12,4,12,4,0,0
180,10,9,10,9,1,0
180,13,0,0,13,1,0
180,9,5,5,5,0,1
180,13,11,13,13,1,1
180,4,4,4,4,0,1
180,4,7,7,7,1,1
180,12,9,9,12,0,0
180,13,9,13,13,1,1
180,4,7,7,4,1,0
180,0,10,0,0,0,1
180,9,0,9,9,0,1
180,3,3,3,3,0,1
180,11,2,2,2,1,1
180,12,4,12,12,1,1
180,4,13,4,4,1,1
181,4,3,4,4,1,1
181,10,10,10,10,0,1
181,1,9,9,1,1,0
181,6,5,6,6,0,1
181,11,8,8,8,0,1
181,10,8,8,8,0,1
181,10,10,10,10,1,1
181,4,9,4,9,0,0
181,12,0,0,0,1,1
181,13,1,1,1,1,1
181,10,3,3,10,1,0
181,3,8,3,3,1,1
181,7,3,7,7,1,1
181,4,5,4,5,0,0
181,7,6,7,7,0,1
181,7,2,2,2,0,1
181,0,7,0,0,0,1
181,9,13,9,13,0,0
181,11,1,1,1,0,1
181,1,4,1,1,0,1
181,6,2,6,6,1,1
181,6,10,6,6,0,1
181,9,10,10,9,0,0
181,9,2,9,2,0,0
181,1,8,1,1,0,1
181,6,11,11,11,1,1
181,7,12,12,12,0,1
181,5,8,5,5,0,1
181,10,2,2,10,0,0
181,10,7,10,7,0,0
181,13,8,13,8,1,0
181,7,1,7,7,0,1
181,0,2,0,0,0,1
181,6,0,6,0,0,0
181,7,2,7,7,0,1
181,2,12,2,2,0,1
181,13,6,13,13,1,1
182,7,12,7,7,1,1
182,10,3,3,3,1,1
182,11,2,11,11,1,1
182,6,10,6,6,0,1
182,13,1,13,1,0,0
182,11,6,11,11,1,1
182,4,11,4,11,0,0
182,11,2,2,2,0,1
182,11,4,4,4,0,1
182,3,3,3,3,0,1
182,3,7,3,3,1,1
182,4,7,4,7,1,0
182,13,7,13,13,1,1
182,9,3,3,3,1,1
182,8,12,8,8,1,1
182,6,0,0,0,1,1
182,8,0,0,0,1,1
182,3,9,3,9,1,0
182,0,9,0,0,0,1
182,11,7,11,7,0,0
182,2,7,2,2,0,1
182,7,8,7,8,0,0
182,6,7,7,7,1,1
182,10,5,10,10,0,1
182,6,6,6,6,1,1
182,5,4,4,4,0,1
182,10,7,10,7,0,0
182,5,13,5,5,0,1
182,2,8,2,2,1,1
182,9,8,9,9,1,1
182,8,8,8,8,1,1
182,6,1,1,6,0,0
182,3,6,3,6,1,0
182,13,7,13,13,1,1
182,4,12,4,4,0,1
182,5,1,5,5,0,1
182,11,11,11,11,1,1
182,2,3,2,3,0,0
182,13,1,1,1,0,1
182,3,7,3,7,0,0
182,7,3,3,3,1,1
192,7,4,7,4,0,0
192,1,0,0,0,1,1
192,5,6,5,5,1,1
192,4,12,4,4,1,1
192,3,10,10,10,1,1
192,12,7,12,12,0,1
192,6,1,6,6,1,1
192,11,8,11,11,0,1
192,13,3,13,13,1,1
192,3,10,10,10,1,1
192,0,11,0,0,0,1
192,9,12,9,9,0,1
192,4,12,4,4,1,1
192,0,3,0,0,1,1
192,5,4,5,5,1,1
192,3,10,3,3,1,1
192,4,2,4,2,0,0
192,5,6,6,6,1,1
192,11,5,5,5,0,1
192,3,2,3,3,1,1
192,9,8,9,9,0,1
192,4,12,4,4,0,1
192,4,11,4,4,0,1
192,0,8,0,0,1,1
192,11,12,11,11,1,1
192,13,11,13,11,0,0
192,4,8,4,8,0,0
192,3,7,3,3,0,1
192,8,12,12,12,1,1
192,5,5,5,5,1,1
192,11,0,0,0,0,1
192,13,2,2,2,0,1
192,6,1,6,6,0,1
192,4,12,12,12,1,1
192,6,4,6,6,1,1
192,6,6,6,6,0,1
192,2,5,5,5,1,1
192,2,8,2,2,1,1
192,11,8,11,11,1,1
192,9,11,9,9,1,1
192,4,8,8,4,0,0
192,3,4,4,4,1,1
192,10,11,10,11,0,0
192,8,3,3,3,1,1
192,9,6,9,9,0,1
192,2,6,6,6,1,1
192,4,8,4,4,0,1
192,7,0,7,0,0,0
192,9,11,11,11,1,1
192,1,2,2,2,0,1
192,10,10,10,10,1,1
192,11,4,4,4,0,1
192,12,9,9,9,0,1
192,7,2,7,7,1,1
192,10,2,10,10,1,1
192,10,2,2,2,0,1
192,7,3,7,3,0,0
192,11,8,8,8,1,1
194,0,1,0,0,0,1
194,6,9,9,9,0,1
194,3,7,3,3,1,1
194,8,2,8,8,0,1
194,8,13,8,8,1,1
194,4,11,4,4,0,1
194,2,8,2,2,1,1
194,8,13,13,13,1,1
194,1,6,1,1,1,1
194,2,6,6,6,1,1
194,8,10,8,8,0,1
194,6,9,6,6,0,1
194,10,3,10,10,0,1
194,10,13,13,13,1,1
194,5,3,5,3,1,0
194,7,4,7,7,0,1
194,7,11,7,7,0,1
194,2,3,2,3,1,0
194,4,9,4,9,0,0
194,12,3,12,12,0,1
194,8,2,8,8,0,1
194,7,7,7,7,0,1
194,1,4,4,4,0,1
194,9,4,9,9,0,1
194,9,7,7,7,0,1
194,5,9,5,5,1,1
194,7,12,7,7,1,1
194,8,1,8,8,1,1
194,4,12,12,12,1,1
194,8,9,9,9,0,1
194,5,9,5,5,1,1
194,12,12,12,12,0,1
194,7,8,7,7,0,1
194,7,1,1,1,0,1
194,3,2,2,3,1,0
194,8,7,7,8,1,0
194,2,13,13,13,1,1
195,2,10,2,2,0,1
195,11,6,6,6,0,1
195,11,13,11,11,1,1
195,12,11,12,12,0,1
195,7,8,7,7,0,1
195,8,6,6,6,0,1
195,3,12,3,3,0,1
195,2,12,2,2,0,1
195,12,11,12,12,0,1
195,2,4,2,2,0,1
195,5,9,5,5,1,1
195,8,3,3,3,0,1
195,8,13,8,8,1,1
195,13,7,13,13,1,1
195,1,7,1,1,0,1
195,2,11,11,2,0,0
195,13,2,13,13,0,1
195,4,11,11,11,1,1
195,2,10,10,10,0,1
195,0,13,0,0,1,1
195,13,5,5,5,1,1
195,8,2,2,2,0,1
195,13,2,2,2,1,1
195,10,2,2,2,1,1
195,0,11,0,0,1,1
195,10,13,10,10,1,1
195,10,0,10,0,1,0
195,9,12,12,9,0,0
195,11,2,11,11,0,1
195,10,6,10,6,1,0
195,11,8,8,8,1,1
195,12,5,12,12,0,1
195,3,1,1,1,1,1
195,2,6,2,6,0,0
195,2,5,2,2,0,1
195,0,1,0,0,0,1
195,1,12,1,1,0,1
195,13,4,4,4,0,1
195,3,11,3,3,1,1
195,12,7,7,7,1,1
195,1,13,13,13,1,1
195,8,13,13,13,0,1
195,12,7,7,7,1,1
195,2,0,2,2,1,1
195,4,10,10,10,0,1
195,4,11,4,4,1,1
195,8,2,8,8,0,1
195,3,11,3,3,1,1
195,6,5,5,5,0,1
195,10,8,8,8,0,1
195,12,6,6,6,1,1
195,6,9,9,9,1,1
195,11,13,11,13,0,0
195,0,12,0,0,0,1
195,1,2,2,2,0,1
196,10,8,8,8,0,1
196,12,10,10,10,0,1
196,7,1,1,1,0,1
196,2,6,6,6,0,1
196,8,2,2,2,1,1
196,0,9,0,0,0,1
196,6,1,1,1,1,1
196,12,13,12,12,1,1
196,9,2,9,9,0,1
196,5,0,5,5,0,1
196,3,5,5,5,1,1
196,7,6,7,7,0,1
196,13,9,9,9,0,1
196,13,3,13,13,0,1
196,6,0,0,0,1,1
196,1,11,11,11,1,1
196,13,1,13,13,0,1
196,1,6,6,6,1,1
196,2,11,2,2,1,1
196,7,13,7,7,0,1
196,12,2,2,2,1,1
196,1,7,1,1,0,1
196,1,10,10,10,0,1
199,9,7,7,7,1,1
199,6,3,3,3,0,1
199,2,12,2,2,1,1
199,3,5,3,3,0,1
199,9,1,1,1,1,1
199,10,11,11,11,0,1
199,8,6,6,6,0,1
199,11,7,11,11,1,1
199,6,0,6,6,0,1
199,2,7,7,7,1,1
199,6,5,5,5,0,1
199,13,12,12,12,1,1
199,6,7,7,6,1,0
199,5,6,5,5,1,1
199,12,3,12,12,0,1
199,1,5,1,1,1,1
199,7,3,7,7,1,1
199,8,0,0,0,0,1
199,9,4,9,9,1,1
199,6,4,4,4,1,1
199,3,8,8,8,0,1
199,11,1,11,11,0,1
199,4,2,4,4,0,1
199,1,6,1,1,0,1
199,13,2,2,2,1,1
199,13,10,10,10,1,1
199,8,5,8,8,0,1
199,2,11,2,2,1,1
199,10,13,10,10,1,1
199,13,6,6,6,1,1
199,9,9,9,9,0,1
199,7,0,0,0,1,1
199,7,5,5,5,1,1
199,5,9,5,5,0,1
199,13,8,13,13,1,1
200,4,12,12,12,1,1
200,1,10,10,10,1,1
200,12,13,12,12,0,1
200,13,7,13,13,0,1
200,10,5,10,10,1,1
200,4,12,12,4,1,0
200,10,5,5,5,1,1
200,9,1,1,1,0,1
200,5,11,5,5,1,1
200,11,8,11,11,0,1
200,4,2,2,2,0,1
200,3,6,6,6,1,1
200,9,6,6,6,1,1
200,3,13,13,13,1,1
200,10,3,3,3,0,1
201,6,8,8,8,0,1
201,10,11,10,10,0,1
201,13,3,13,13,1,1
201,9,3,9,9,1,1
201,2,6,6,6,1,1
201,8,6,6,8,0,0
201,13,0,13,13,0,1
201,11,7,11,11,0,1
201,8,1,8,8,1,1
201,12,0,12,12,0,1
201,3,12,12,12,0,1
201,12,6,12,12,0,1
201,11,9,9,9,0,1
201,8,1,8,8,0,1
201,9,12,9,9,0,1
201,4,3,4,4,1,1
201,2,9,2,9,1,0
201,11,1,1,1,0,1
201,13,5,13,13,1,1
201,2,1,1,1,1,1
201,4,0,0,0,1,1
201,13,1,1,1,0,1
201,4,6,4,4,1,1
201,0,2,0,0,0,1
201,8,7,8,8,1,1
201,1,8,1,1,1,1
201,12,5,12,5,0,0
201,3,6,3,3,1,1
202,12,12,12,12,0,1
202,2,4,2,2,1,1
202,12,6,6,6,0,1
202,8,7,8,7,0,0
202,5,0,5,0,0,0
202,7,0,0,0,0,1
202,3,8,3,8,1,0
202,2,4,4,4,0,1
202,7,4,4,4,1,1
202,5,11,11,11,1,1
202,6,4,6,6,1,1
202,6,9,6,6,0,1
202,10,7,7,7,1,1
202,9,13,9,9,1,1
202,12,8,12,8,0,0
202,12,6,12,12,1,1
202,2,11,2,2,0,1
202,9,13,13,13,1,1
202,1,5,5,5,0,1
202,13,11,13,13,0,1
203,11,6,11,11,0,1
203,5,12,5,5,0,1
203,3,11,3,11,0,0
203,4,7,7,7,1,1
203,9,3,9,9,1,1
203,3,13,13,3,1,0
203,6,0,0,0,0,1
203,1,2,2,1,0,0
203,8,1,1,1,1,1
203,8,9,9,9,1,1
203,6,2,2,2,1,1
203,4,10,10,10,0,1
203,9,0,0,0,0,1
203,12,0,0,0,1,1
203,7,1,7,7,1,1
203,9,8,8,8,0,1
203,9,7,7,9,1,0
203,8,0,8,8,0,1
203,2,11,2,2,1,1
203,0,2,0,0,0,1
203,2,13,2,2,0,1
203,0,6,0,0,0,1
203,11,6,6,6,1,1
203,11,2,2,2,0,1
206,3,7,3,3,1,1
206,13,2,13,13,1,1
206,11,8,11,11,0,1
206,12,4,12,12,0,1
206,12,1,12,12,0,1
206,10,0,0,0,0,1
206,4,5,4,4,0,1
206,7,2,7,7,0,1
206,7,0,7,7,1,1
206,10,2,10,10,1,1
206,1,10,10,1,1,0
206,9,13,9,9,0,1
206,8,1,8,8,0,1
206,2,3,2,3,1,0
206,13,8,8,8,0,1
206,11,7,7,11,0,0
206,2,0,2,2,0,1
206,6,12,6,6,1,1
206,13,7,7,7,0,1
206,3,0,0,0,1,1
206,13,11,11,11,0,1
206,8,10,8,8,0,1
206,13,10,10,13,0,0
206,12,4,12,12,1,1
206,7,1,7,7,0,1
206,8,0,8,8,0,1
206,7,6,7,7,0,1
206,2,3,2,2,1,1
206,6,1,1,1,1,1
206,2,13,13,13,1,1
206,10,1,10,10,0,1
206,8,8,8,8,0,1
206,12,7,12,12,1,1
206,2,4,4,4,1,1
206,5,6,6,6,1,1
206,13,0,13,13,1,1
206,13,6,6,6,1,1
206,1,10,10,10,0,1
206,3,9,3,3,1,1
206,1,10,1,1,1,1
206,12,7,7,7,0,1
206,9,1,1,9,0,0
206,9,11,9,11,0,0
206,3,3,3,3,0,1
206,3,10,10,10,1,1
206,3,13,3,3,0,1
206,8,6,6,6,0,1
206,10,12,12,12,1,1
206,3,7,7,7,1,1
206,2,12,2,2,1,1
206,11,0,0,0,1,1
206,10,11,10,10,0,1
206,4,7,7,7,1,1
206,8,12,12,12,0,1
206,8,3,8,8,0,1
206,7,11,7,7,0,1
206,10,5,10,10,0,1
206,9,5,5,5,1,1
206,10,1,1,10,0,0
206,2,12,12,12,1,1
206,5,12,12,12,0,1
206,0,8,0,0,1,1
206,9,10,10,9,0,0
206,7,3,7,7,1,1
206,12,4,12,4,0,0
206,1,7,7,7,0,1
206,2,5,2,2,0,1
206,0,3,0,0,0,1
207,12,0,12,12,0,1
207,7,11,7,7,1,1
207,8,13,8,8,1,1
207,2,1,2,2,1,1
207,11,5,5,5,0,1
207,11,7,7,7,1,1
207,4,8,4,4,0,1
207,6,9,6,6,0,1
207,2,5,2,5,0,0
207,0,2,0,0,0,1
207,10,7,7,7,1,1
207,12,5,12,12,1,1
207,4,10,4,4,1,1
207,5,10,10,10,1,1
207,11,8,8,8,1,1
207,1,5,5,5,1,1
207,2,13,2,2,0,1
207,11,5,5,5,0,1
207,9,7,7,7,0,1
207,9,0,0,0,0,1
207,11,9,9,9,0,1
207,12,1,1,1,0,1
207,3,10,3,3,1,1
207,11,12,11,11,0,1
207,7,12,12,12,1,1
207,7,2,2,2,1,1
207,6,9,6,6,1,1
207,5,13,5,5,1,1
207,5,11,11,11,0,1
207,11,8,8,8,0,1
207,3,8,8,8,0,1
207,6,2,2,2,0,1
207,13,10,13,13,1,1
207,4,8,4,4,1,1
207,1,8,8,8,1,1
207,12,7,12,12,1,1
207,1,0,0,0,0,1
207,6,7,7,7,0,1
207,3,7,7,3,0,0
207,6,4,6,6,0,1
207,9,4,9,9,0,1
207,13,10,10,10,0,1
207,6,13,13,13,1,1
207,12,8,8,8,0,1
207,2,0,2,2,1,1
207,7,12,12,12,0,1
207,2,7,7,7,1,1
207,8,5,8,8,1,1
208,8,4,8,8,0,1
208,1,2,1,1,1,1
208,0,5,0,0,1,1
208,11,9,9,11,0,0
208,2,5,2,2,0,1
208,13,11,13,13,0,1
208,8,7,7,7,0,1
208,2,4,2,2,1,1
208,11,13,13,13,0,1
208,13,8,13,13,0,1
208,8,9,9,9,1,1
208,8,4,8,8,1,1
208,0,3,0,0,0,1
208,3,12,12,12,0,1
208,3,0,3,0,0,0
208,3,12,3,3,0,1
208,8,9,9,9,0,1
208,13,6,6,6,1,1
208,0,13,0,0,0,1
208,13,9,9,9,1,1
208,4,7,4,4,1,1
208,12,0,0,0,1,1
208,7,4,7,4,0,0
208,6,3,3,3,0,1
208,2,9,2,9,0,0
208,4,13,13,13,1,1
208,13,3,3,3,0,1
208,9,5,9,9,1,1
208,7,11,11,11,0,1
208,8,9,8,8,1,1
208,10,11,10,10,0,1
208,5,3,3,3,0,1
208,5,9,5,5,1,1
208,8,4,4,4,1,1
208,11,0,11,11,1,1
208,9,10,9,9,0,1
208,7,11,11,11,1,1
208,6,12,6,6,1,1
208,1,0,1,1,1,1
213,1,9,9,9,0,1
213,5,0,5,5,1,1
213,8,4,8,8,0,1
213,2,10,2,10,1,0
213,0,5,0,0,0,1
213,10,8,8,8,0,1
213,13,9,9,9,0,1
213,10,5,10,10,0,1
213,6,10,10,10,0,1
213,7,3,3,3,1,1
213,4,9,4,9,1,0
213,13,4,13,13,0,1
213,10,7,7,7,1,1
213,1,13,1,1,1,1
213,0,6,0,0,0,1
213,1,13,1,1,0,1
213,10,3,10,10,0,1
213,10,7,7,7,0,1
213,13,9,13,13,1,1
213,3,12,3,3,0,1
213,6,4,6,6,1,1
213,11,4,11,11,1,1
213,8,13,8,8,0,1
213,9,11,11,11,0,1
213,4,5,4,4,1,1
213,11,12,11,11,1,1
213,4,6,4,4,0,1
213,1,4,1,1,0,1
213,8,0,0,0,0,1
213,5,6,5,5,0,1
213,4,10,4,4,0,1
213,10,8,8,8,1,1
213,8,10,8,8,0,1
213,1,10,10,1,0,0
213,7,13,13,13,1,1
213,5,7,7,7,1,1
214,6,10,6,6,0,1
214,11,7,7,7,1,1
214,5,10,10,10,1,1
214,12,9,12,12,1,1
214,6,5,6,6,0,1
214,4,13,4,4,1,1
214,1,11,1,1,1,1
214,9,9,9,9,0,1
214,8,5,8,8,1,1
214,1,12,12,12,0,1
214,13,0,0,0,0,1
214,6,13,13,13,1,1
214,4,1,4,4,1,1
214,5,11,5,5,0,1
214,6,6,6,6,0,1
214,2,0,2,2,0,1
214,9,5,5,5,0,1
214,3,6,6,3,0,0
214,2,1,2,2,1,1
214,13,11,13,13,1,1
214,8,3,8,8,1,1
214,11,2,2,2,1,1
214,1,13,1,1,1,1
214,6,13,6,6,1,1
214,11,4,4,4,1,1
214,1,0,0,0,1,1
214,1,5,1,1,1,1
214,1,13,1,1,0,1
214,1,1,1,1,0,1
214,13,9,9,9,0,1
214,13,0,13,13,1,1
214,1,0,1,1,1,1
214,9,3,3,3,0,1
214,12,7,7,12,1,0
214,7,3,7,7,0,1
214,9,9,9,9,1,1
214,10,9,10,10,1,1
214,12,8,12,12,1,1
214,4,5,4,4,1,1
214,12,9,12,12,0,1
214,3,6,3,3,1,1
214,8,9,9,9,1,1
214,7,2,7,7,1,1
214,1,2,2,2,0,1
214,10,11,11,11,1,1
214,12,10,10,10,0,1
214,5,12,12,12,0,1
214,3,8,3,3,0,1
214,6,7,7,7,1,1
214,12,6,6,6,1,1
214,7,13,13,13,1,1
214,4,0,0,0,1,1
214,9,0,0,0,0,1
214,5,11,5,5,0,1
214,10,6,6,6,0,1
214,1,10,1,1,0,1
214,2,0,0,0,0,1
214,10,12,10,10,1,1
214,10,9,10,10,0,1
215,5,9,9,9,0,1
215,11,12,11,11,0,1
215,11,13,11,11,0,1
215,11,7,7,7,0,1
215,0,12,0,0,0,1
215,8,7,7,7,0,1
215,9,10,9,9,1,1
215,1,2,1,1,0,1
215,1,6,6,6,1,1
215,0,1,0,0,1,1
215,7,0,7,7,0,1
215,12,7,7,12,1,0
215,4,3,4,3,1,0
215,3,9,3,9,0,0
215,6,0,6,6,0,1
215,0,5,0,0,1,1
215,13,11,11,11,0,1
215,13,4,13,13,0,1
215,13,3,13,13,0,1
215,9,13,13,13,0,1
215,2,11,11,2,0,0
215,11,10,10,10,1,1
215,10,0,10,10,0,1
215,6,0,0,0,0,1
215,10,12,12,12,1,1
215,13,10,13,13,0,1
215,13,0,0,13,0,0
215,2,3,2,2,0,1
215,3,6,3,6,0,0
215,1,12,1,12,0,0
215,8,4,4,4,1,1
215,6,3,6,6,0,1
215,6,10,10,10,0,1
215,3,7,3,7,0,0
220,4,8,4,4,0,1
220,3,9,9,9,0,1
220,8,0,8,8,1,1
220,11,1,11,11,0,1
220,6,0,0,0,0,1
220,3,9,3,3,1,1
220,12,6,12,12,1,1
220,9,11,9,9,0,1
220,5,4,4,4,0,1
220,4,9,4,4,1,1
220,2,5,5,5,0,1
220,2,3,3,3,1,1
220,2,9,2,2,1,1
220,1,3,3,3,0,1
220,7,0,0,0,0,1
220,2,11,11,11,0,1
220,8,13,13,13,1,1
220,11,8,8,8,0,1
220,7,8,8,8,0,1
220,2,13,13,13,0,1
220,2,11,2,2,0,1
220,2,11,11,11,1,1
220,6,5,5,5,0,1
220,6,0,0,0,0,1
220,11,13,13,13,1,1
220,9,5,9,9,0,1
220,7,10,10,10,1,1
220,7,6,7,7,0,1
220,2,11,2,2,0,1
220,10,7,10,10,0,1
220,12,9,12,12,0,1
220,1,8,8,8,0,1
220,13,2,2,2,0,1
220,5,6,6,6,1,1
220,1,12,12,1,0,0
220,3,4,3,3,0,1
220,7,3,7,7,0,1
220,7,8,7,7,0,1
221,3,12,3,3,0,1
221,1,12,1,1,1,1
221,3,2,2,3,0,0
221,10,8,8,8,0,1
221,6,8,8,8,1,1
221,8,12,8,8,1,1
221,2,7,7,7,1,1
221,7,6,7,7,1,1
221,13,2,2,2,0,1
221,10,2,10,10,0,1
221,0,6,0,0,1,1
221,7,5,7,7,1,1
221,3,2,3,3,0,1
221,3,7,7,7,0,1
221,7,12,7,7,1,1
221,6,10,10,10,0,1
221,10,12,12,12,0,1
221,8,10,10,10,1,1
221,6,2,2,2,1,1
221,11,6,6,6,0,1
221,13,11,11,13,1,0
221,4,7,7,7,1,1
221,3,8,8,8,0,1
221,3,0,3,3,1,1
221,10,6,6,6,1,1
221,3,8,8,8,0,1
221,7,2,2,2,0,1
221,6,1,6,6,0,1
221,10,9,9,9,1,1
221,9,2,2,2,0,1
221,8,12,8,12,0,0
221,12,7,12,7,0,0
221,3,0,3,3,1,1
221,1,13,13,13,0,1
221,6,4,4,4,1,1
221,7,13,13,13,0,1
221,10,3,3,3,1,1
221,12,7,7,7,1,1
221,8,4,4,4,1,1
221,6,3,3,3,0,1
221,9,0,9,9,1,1
221,11,12,12,12,0,1
221,12,8,8,8,1,1
221,2,0,2,2,0,1
221,3,2,3,3,1,1
221,10,12,12,12,1,1
221,12,9,9,9,1,1
221,4,1,1,1,0,1
221,13,9,9,13,0,0
221,10,11,10,10,1,1
221,11,10,10,10,0,1
222,13,5,13,13,0,1
222,9,8,8,9,0,0
222,0,12,0,0,1,1
222,6,12,6,6,0,1
222,10,13,13,13,0,1
222,3,1,1,3,1,0
222,6,4,4,4,1,1
222,12,7,12,12,1,1
222,13,8,13,13,1,1
222,6,0,0,0,1,1
222,9,1,1,1,1,1
222,1,10,10,1,0,0
222,1,6,6,6,1,1
222,3,7,7,7,1,1
222,8,5,8,8,1,1
222,12,5,5,12,0,0
222,7,0,7,7,1,1
222,1,10,10,10,0,1
222,9,1,9,9,1,1
222,4,9,4,4,1,1
222,4,13,13,13,0,1
222,4,0,4,0,1,0
222,6,5,5,5,1,1
222,1,3,1,1,1,1
222,3,1,3,1,0,0
222,4,7,7,7,0,1
222,13,3,13,13,0,1
222,6,3,3,3,1,1
222,3,4,3,3,1,1
227,0,9,9,0,0,0
227,9,10,10,10,0,1
227,7,11,7,7,0,1
227,3,1,1,1,0,1
227,1,13,13,13,0,1
227,10,10,10,10,1,1
227,13,1,1,1,0,1
227,9,12,12,12,1,1
227,13,3,13,13,1,1
227,13,11,11,11,1,1
227,4,3,4,3,1,0
227,9,5,9,5,1,0
227,5,9,9,9,1,1
227,5,3,3,5,1,0
227,5,3,5,5,0,1
227,11,5,11,11,0,1
227,10,13,13,13,0,1
227,9,7,9,9,0,1
227,12,6,6,6,0,1
227,5,2,5,5,0,1
227,8,11,11,11,0,1
227,9,0,0,0,0,1
227,13,4,13,13,1,1
227,8,7,7,7,0,1
227,0,12,0,0,1,1
227,6,12,6,6,0,1
227,7,5,7,7,1,1
227,5,7,5,5,0,1
227,4,3,4,4,0,1
227,5,2,2,2,0,1
227,8,5,8,8,1,1
227,0,3,0,0,0,1
227,3,0,3,3,0,1
227,6,11,11,11,0,1
227,1,8,8,8,1,1
227,9,12,12,9,0,0
227,9,5,9,9,0,1
227,8,11,11,11,0,1
227,12,9,12,12,1,1
227,7,0,0,0,1,1
227,12,5,5,5,0,1
227,1,2,2,2,1,1
227,6,4,4,4,0,1
227,8,7,7,7,0,1
227,11,1,11,11,0,1
227,5,7,5,5,1,1
227,2,8,2,2,0,1
227,0,13,0,0,0,1
227,11,10,10,11,1,0
227,4,6,4,4,1,1
227,11,3,11,11,1,1
227,5,11,11,11,1,1
227,5,12,5,5,1,1
227,11,10,11,11,0,1
227,2,5,2,2,0,1
227,0,7,0,0,0,1
227,11,11,11,11,1,1
227,7,11,11,11,1,1
227,0,6,0,0,0,1
227,13,6,13,13,0,1
227,10,8,8,8,0,1
227,1,10,1,10,0,0
227,7,5,5,5,1,1
227,2,10,10,10,0,1
227,3,9,9,9,0,1
227,6,5,6,6,0,1
227,4,5,5,5,1,1
228,2,6,6,6,0,1
228,9,3,9,9,1,1
228,3,2,2,2,0,1
228,1,12,12,12,0,1
228,6,9,9,6,0,0
228,1,1,1,1,1,1
228,3,6,3,3,0,1
228,9,1,1,1,0,1
228,3,10,10,3,1,0
228,9,6,6,6,1,1
228,9,11,9,11,1,0
228,10,3,3,3,0,1
228,8,4,4,4,1,1
228,0,10,0,0,0,1
228,2,4,4,4,1,1
228,0,13,0,0,0,1
228,3,10,3,3,1,1
228,8,7,7,7,1,1
228,3,13,3,3,1,1
228,2,1,1,1,0,1
228,10,12,10,10,1,1
228,4,0,4,4,1,1
228,3,7,3,3,0,1
228,3,1,1,1,1,1
228,10,3,10,10,1,1
228,1,5,5,5,0,1
228,6,2,2,2,1,1
228,3,5,5,5,0,1
228,7,3,7,7,0,1
228,4,10,4,4,0,1
228,2,13,2,2,1,1
228,2,0,2,2,1,1
228,13,6,6,6,0,1
228,4,1,4,4,1,1
228,12,8,8,8,1,1
229,12,4,4,4,0,1
229,8,7,7,7,1,1
229,3,12,12,12,0,1
229,7,13,13,13,1,1
229,8,11,8,8,0,1
229,9,1,9,9,0,1
229,5,0,5,0,0,0
229,9,11,9,9,0,1
229,4,1,4,4,1,1
229,4,4,4,4,1,1
229,3,11,11,11,0,1
229,12,6,6,6,0,1
229,8,13,13,13,1,1
229,6,12,6,6,0,1
229,11,12,11,11,1,1
229,7,2,7,2,1,0
229,1,8,1,8,0,0
229,1,5,1,1,0,1
229,9,13,13,13,1,1
229,6,11,6,6,1,1
229,11,5,5,5,1,1
229,12,2,12,12,0,1
229,9,11,9,11,0,0
229,12,1,1,1,0,1
229,12,7,12,7,0,0
229,12,6,12,12,1,1
230,10,9,10,10,0,1
230,3,6,3,3,1,1
230,8,4,4,4,0,1
230,2,7,7,7,1,1
230,10,10,10,10,0,1
230,4,9,4,4,0,1
230,10,12,10,10,1,1
230,6,13,6,6,1,1
230,6,5,6,6,1,1
230,9,0,9,9,1,1
230,6,3,6,6,0,1
230,11,6,6,6,1,1
230,10,4,4,10,0,0
230,2,10,10,10,0,1
230,0,7,0,0,1,1
230,9,13,9,9,0,1
230,7,10,10,10,1,1
230,13,0,0,0,1,1
230,1,13,1,1,0,1
230,11,13,13,13,0,1
230,6,9,6,6,0,1
230,9,3,9,9,1,1
230,12,7,12,12,0,1
230,8,13,13,13,0,1
230,1,2,2,2,1,1
230,7,6,6,6,1,1
230,0,12,0,0,0,1
230,6,13,13,13,1,1
230,11,4,4,4,0,1
230,2,9,9,2,0,0
230,7,12,12,12,1,1
230,10,2,2,2,1,1
230,1,6,6,1,0,0
230,3,12,3,3,0,1
230,9,3,3,3,1,1
230,11,11,11,11,0,1
230,12,6,12,12,1,1
230,4,9,9,9,0,1
230,2,7,2,2,0,1
230,10,10,10,10,1,1
234,5,0,0,0,0,1
234,6,9,9,9,1,1
234,10,12,10,10,0,1
234,4,1,1,1,1,1
234,8,11,11,11,0,1
234,12,0,12,12,1,1
234,7,5,5,5,1,1
234,7,10,7,7,1,1
234,5,13,13,13,0,1
234,0,3,0,0,1,1
234,8,0,0,0,1,1
234,10,8,10,10,0,1
234,6,0,6,6,1,1
234,11,12,12,12,1,1
234,8,4,4,4,1,1
234,7,13,13,13,1,1
234,12,9,9,9,0,1
234,5,9,5,5,0,1
234,3,4,3,3,0,1
234,1,8,1,1,0,1
234,6,7,7,7,1,1
234,10,4,4,4,0,1
235,8,5,8,8,1,1
235,7,2,2,7,1,0
235,11,7,7,7,1,1
235,10,13,13,13,1,1
235,5,13,5,5,0,1
235,8,0,0,8,1,0
235,11,6,11,6,0,0
235,1,9,1,1,0,1
235,0,11,0,0,1,1
235,4,0,0,0,1,1
235,6,10,10,10,0,1
235,2,7,2,7,1,0
235,9,10,9,9,0,1
235,12,9,12,12,1,1
235,11,8,8,8,1,1
235,1,6,1,1,1,1
235,11,3,3,3,0,1
235,9,13,13,13,1,1
235,12,9,12,12,1,1
235,2,12,2,2,0,1
235,6,13,13,6,1,0
235,0,8,0,0,0,1
235,2,6,6,6,0,1
235,13,3,3,3,1,1
235,2,12,12,12,1,1
235,4,11,4,4,1,1
235,10,5,5,5,0,1
235,5,1,5,5,1,1
235,1,12,12,1,0,0
235,0,13,0,0,0,1
235,9,6,9,9,0,1
235,10,4,4,4,0,1
236,2,12,2,12,1,0
236,6,13,13,13,0,1
236,3,7,7,7,0,1
236,13,3,13,13,1,1
236,6,2,6,6,1,1
236,3,7,3,3,0,1
236,4,2,2,4,0,0
236,12,11,12,12,1,1
236,10,4,10,10,1,1
236,3,11,11,3,1,0
236,9,2,9,9,0,1
236,13,5,5,5,0,1
236,11,3,3,11,0,0
236,13,6,6,6,1,1
236,5,7,7,7,1,1
236,10,8,8,8,0,1
236,6,13,13,13,1,1
236,2,3,3,3,0,1
236,10,4,4,4,1,1
236,10,12,10,10,1,1
236,10,12,12,12,0,1
236,12,10,10,10,0,1
236,5,0,0,0,0,1
236,0,13,0,0,0,1
236,5,4,5,5,1,1
236,4,5,5,5,0,1
236,11,12,12,12,1,1
236,9,6,9,9,1,1
236,6,5,5,5,1,1
236,9,8,9,9,0,1
236,3,4,3,3,0,1
236,5,2,5,5,0,1
236,1,5,1,1,1,1
236,11,4,11,11,1,1
236,2,9,9,9,1,1
236,3,1,1,1,1,1
236,6,4,6,6,1,1
236,12,11,12,12,0,1
236,5,10,10,10,0,1
236,3,11,11,11,0,1
236,13,12,12,12,1,1
236,12,3,3,3,1,1
236,1,8,1,8,0,0
236,13,6,6,6,0,1
236,6,9,9,6,1,0
236,12,3,3,3,0,1
236,4,7,7,7,1,1
236,4,5,5,5,0,1
236,4,13,4,4,1,1
236,8,10,10,10,1,1
236,3,4,3,3,0,1
241,11,11,11,11,1,1
241,5,0,5,5,1,1
241,11,2,11,11,1,1
241,9,4,4,4,1,1
241,2,4,2,2,0,1
241,5,7,5,7,0,0
241,8,2,8,8,1,1
241,3,1,3,3,1,1
241,3,9,9,9,1,1
241,2,6,6,2,0,0
241,5,8,5,5,0,1
241,12,9,12,12,0,1
241,4,8,4,4,1,1
241,10,11,10,10,0,1
241,10,3,3,3,0,1
241,13,12,12,12,0,1
241,1,6,1,1,0,1
241,10,10,10,10,0,1
241,12,0,0,0,1,1
241,10,8,10,10,0,1
241,7,13,13,13,0,1
241,2,12,2,2,1,1
241,13,10,13,13,1,1
241,13,7,13,13,1,1
241,13,8,13,13,0,1
241,10,7,10,10,1,1
241,0,9,0,0,0,1
241,7,10,7,10,0,0
241,11,0,0,0,0,1
241,6,2,2,2,1,1
242,4,11,11,11,1,1
242,11,2,11,11,1,1
242,1,9,1,1,0,1
242,6,8,8,8,0,1
242,9,2,9,9,1,1
242,0,3,3,0,0,0
242,12,7,7,7,1,1
242,13,4,13,13,1,1
242,9,9,9,9,0,1
242,12,11,11,11,1,1
242,10,10,10,10,0,1
242,1,8,8,8,0,1
242,2,0,2,2,0,1
242,9,5,9,9,1,1
242,9,4,4,4,0,1
242,11,8,8,8,0,1
242,7,11,7,7,0,1
242,6,13,6,6,0,1
242,1,12,12,12,0,1
242,0,10,0,0,0,1
242,9,8,8,8,1,1
242,8,13,8,8,1,1
242,8,12,12,12,0,1
242,2,7,7,7,1,1
242,9,13,13,13,1,1
243,11,13,11,11,1,1
243,12,9,9,9,0,1
243,10,7,10,10,1,1
243,12,9,9,9,1,1
243,11,8,8,8,0,1
243,13,6,13,6,1,0
243,13,9,13,13,1,1
243,3,7,3,3,0,1
243,4,3,3,3,1,1
243,7,3,3,7,0,0
255,2,12,12,12,1,1
255,11,1,11,11,1,1
255,13,9,9,9,0,1
255,5,11,5,5,1,1
255,5,6,5,5,0,1
255,9,0,0,0,0,1
255,5,0,5,5,0,1
255,1,4,4,4,0,1
255,10,1,1,1,1,1
255,4,6,6,6,0,1
255,9,0,0,0,0,1
255,11,4,4,4,1,1
255,8,13,8,13,1,0
255,0,12,0,0,0,1
255,5,8,8,8,1,1
255,4,12,4,4,0,1
255,6,12,12,12,0,1
255,12,4,12,12,0,1
255,5,3,3,5,0,0
255,11,4,4,11,0,0
255,13,11,11,11,0,1
255,9,5,9,9,1,1
255,2,8,8,2,0,0
255,6,0,0,0,1,1
255,9,3,3,3,1,1
255,5,1,5,5,1,1
255,1,10,10,1,1,0
255,6,2,6,6,0,1
255,10,2,2,2,1,1
255,9,4,9,9,0,1
255,6,4,6,6,1,1
255,6,11,11,11,1,1
255,1,12,1,1,0,1
255,7,5,7,7,0,1
255,7,4,7,7,1,1
255,4,2,2,2,1,1
255,4,2,4,4,1,1
255,12,1,12,12,0,1
255,1,5,1,1,1,1
255,0,9,0,0,0,1
255,9,9,9,9,0,1
255,5,4,5,4,0,0
255,3,11,3,3,1,1
255,4,5,5,5,1,1
255,3,9,9,9,1,1
256,6,8,6,6,0,1
256,8,10,8,8,1,1
256,7,8,7,7,0,1
256,4,12,12,12,1,1
256,11,1,1,1,1,1
256,3,12,3,12,0,0
256,7,11,7,7,0,1
256,5,9,5,5,0,1
256,13,7,7,13,1,0
256,12,7,7,12,0,0
256,10,8,10,10,1,1
256,3,7,7,7,0,1
256,11,1,1,1,0,1
256,0,10,0,0,0,1
256,4,8,8,8,1,1
256,8,5,5,5,1,1
256,7,4,4,4,1,1
256,1,11,1,1,0,1
257,3,9,9,9,1,1
257,11,0,0,0,0,1
257,12,7,7,7,1,1
257,13,4,13,13,0,1
257,3,3,3,3,1,1
257,13,6,13,13,0,1
257,1,0,1,1,0,1
257,1,6,1,1,1,1
257,9,3,9,9,0,1
257,13,8,8,8,0,1
257,10,3,10,10,1,1
257,12,7,12,12,1,1
257,10,7,7,7,0,1
257,13,9,9,9,0,1
257,1,11,1,1,0,1
257,13,12,13,13,1,1
257,9,4,4,4,1,1
257,12,0,0,0,0,1
257,5,5,5,5,0,1
257,3,6,6,6,0,1
257,8,13,13,8,0,0
257,4,1,4,1,1,0
257,8,6,8,8,0,1
257,1,9,9,9,0,1
257,6,5,6,6,0,1
257,5,3,5,5,0,1
257,2,4,4,2,0,0
257,9,3,9,9,0,1
257,0,5,0,0,0,1
257,7,4,7,4,1,0
257,9,6,6,6,0,1
257,1,3,1,1,0,1
258,6,5,5,5,1,1
258,1,4,4,4,1,1
258,4,12,4,4,0,1
258,4,6,4,4,1,1
258,11,5,5,5,1,1
258,6,12,12,12,1,1
258,1,10,10,10,1,1
258,6,10,10,10,1,1
258,4,2,4,4,0,1
258,7,7,7,7,0,1
258,4,5,5,5,0,1
258,7,4,4,4,0,1
258,0,10,0,0,1,1
258,1,9,9,1,1,0
258,9,1,9,9,0,1
258,5,7,7,7,1,1
258,12,8,8,8,0,1
258,9,11,9,9,1,1
258,6,8,6,6,1,1
258,1,10,1,1,1,1
258,1,8,8,8,0,1
258,12,4,4,4,1,1
258,7,9,7,7,0,1
258,2,1,2,2,1,1
258,9,4,9,9,1,1
258,2,0,2,2,0,1
258,10,0,10,10,0,1
258,2,3,2,2,1,1
258,9,4,9,4,0,0
258,2,2,2,2,0,1
258,2,12,12,12,0,1
258,13,5,5,5,1,1
258,4,2,4,4,1,1
258,7,4,7,7,0,1
258,12,7,7,7,1,1
258,5,0,5,5,0,1
258,4,5,4,4,1,1
258,11,8,8,8,0,1
258,10,6,6,10,0,0
258,3,2,2,3,0,0
259,3,6,6,6,1,1
259,7,2,7,7,1,1
259,9,0,9,9,1,1
259,9,6,9,9,0,1
259,4,0,0,0,1,1
259,11,3,3,3,0,1
259,8,4,4,4,0,1
259,0,4,0,0,1,1
259,5,8,8,8,0,1
259,13,7,13,13,0,1
259,3,5,3,3,1,1
259,6,10,6,6,0,1
259,2,6,6,6,0,1
259,11,8,8,8,0,1
259,12,11,12,12,1,1
259,9,12,12,12,0,1
259,3,10,10,10,1,1
259,3,1,3,3,1,1
259,7,11,11,11,0,1
259,12,0,0,12,0,0
259,11,12,11,11,0,1
259,1,7,7,7,0,1
259,7,2,2,2,0,1
263,13,3,3,3,0,1
263,3,4,3,4,1,0
263,7,3,3,3,0,1
263,12,12,12,12,0,1
263,10,0,10,0,1,0
263,10,3,3,3,1,1
263,7,2,7,7,1,1
263,6,13,6,6,0,1
263,5,7,5,5,1,1
263,13,8,13,13,0,1
263,2,5,5,5,0,1
263,4,1,4,1,1,0
263,3,11,3,3,1,1
263,12,9,9,12,1,0
263,3,0,3,3,0,1
263,5,6,5,5,1,1
263,12,10,10,10,0,1
263,2,8,8,8,1,1
263,2,10,2,2,1,1
263,13,3,3,3,0,1
263,3,5,3,3,0,1
263,4,10,10,10,0,1
263,12,3,12,12,0,1
263,3,8,8,8,0,1
263,13,13,13,13,0,1
263,8,3,3,3,0,1
263,13,4,13,13,1,1
263,6,9,6,6,0,1
263,8,2,2,2,1,1
263,0,8,0,0,0,1
263,1,7,1,1,1,1
263,13,11,13,13,0,1
263,5,1,1,1,1,1
263,6,7,7,7,0,1
263,5,2,5,5,0,1
263,0,12,0,0,1,1
263,10,12,10,10,0,1
263,5,12,12,12,0,1
263,1,3,1,1,0,1
263,11,0,11,11,1,1
263,10,5,5,5,1,1
263,0,3,3,0,0,0
263,3,11,11,11,1,1
263,12,1,12,12,0,1
263,2,4,2,2,0,1
263,9,11,9,9,1,1
263,1,2,2,2,1,1
263,9,4,9,9,1,1
263,8,2,8,8,1,1
263,11,4,4,4,0,1
263,7,11,7,7,1,1
263,11,10,10,10,1,1
264,5,6,5,5,0,1
264,11,8,8,8,1,1
264,7,2,2,7,0,0
264,0,3,0,0,1,1
264,10,1,1,1,1,1
264,5,12,12,12,0,1
264,2,12,12,12,1,1
264,13,2,2,2,0,1
264,6,9,6,6,0,1
264,6,0,6,6,0,1
264,8,1,1,1,0,1
264,2,0,2,2,0,1
264,11,2,2,2,1,1
264,10,12,10,10,0,1
264,3,2,3,3,1,1
264,7,0,0,7,0,0
264,6,5,5,5,0,1
264,2,5,5,5,0,1
264,13,8,13,13,0,1
264,8,2,2,8,0,0
264,6,0,6,6,1,1
264,8,3,3,3,1,1
264,1,12,1,1,0,1
264,6,7,6,6,0,1
264,9,1,1,1,0,1
264,6,2,2,2,0,1
264,7,5,5,5,1,1
264,12,1,12,12,1,1
264,1,5,5,5,1,1
264,5,6,5,5,1,1
264,10,13,10,10,0,1
264,12,10,10,10,0,1
264,11,13,11,11,1,1
264,13,12,12,12,1,1
264,11,0,0,0,0,1
264,8,9,9,8,1,0
264,3,6,3,3,0,1
264,11,6,6,6,1,1
264,1,1,1,1,1,1
264,7,0,0,0,0,1
264,1,6,6,6,0,1
264,0,12,0,0,0,1
264,10,13,13,13,1,1
264,4,5,4,4,1,1
264,4,5,4,4,0,1
264,10,12,12,12,1,1
264,9,7,7,7,1,1
264,11,1,11,11,1,1
264,11,9,9,9,1,1
264,13,12,13,13,0,1
264,8,2,8,8,0,1
264,8,9,8,8,1,1
264,4,10,10,10,1,1
264,12,1,12,12,0,1
264,8,0,0,0,1,1
265,8,1,1,1,0,1
265,9,13,13,13,0,1
265,9,2,9,9,0,1
265,4,13,4,4,1,1
265,12,7,7,7,0,1
265,9,12,12,12,1,1
265,5,12,12,12,1,1
265,4,11,4,4,1,1
265,0,6,0,0,0,1
265,13,3,13,13,0,1
265,9,7,9,9,0,1
265,5,7,7,7,0,1
265,10,7,10,10,1,1
265,13,9,13,13,0,1
265,13,13,13,13,0,1
265,6,10,10,10,1,1
265,9,6,6,6,1,1
265,7,12,12,12,0,1
265,5,8,8,8,1,1
265,11,9,9,9,1,1
265,7,4,7,7,1,1
265,6,10,10,10,0,1
265,9,10,9,9,0,1
265,5,11,11,11,1,1
265,7,8,7,7,1,1
265,4,7,4,4,0,1
265,12,5,5,5,0,1
265,0,4,0,0,0,1
265,12,3,12,12,0,1
265,5,10,10,5,1,0
265,11,0,0,0,1,1
265,6,2,2,6,1,0
265,12,11,11,12,1,0
265,10,9,10,10,0,1
265,2,9,2,2,1,1
265,7,5,7,7,1,1
265,5,13,13,13,0,1
265,1,5,5,5,1,1
265,11,7,11,11,1,1
265,2,8,8,8,0,1
265,12,3,3,3,1,1
265,4,5,5,5,0,1
265,2,11,11,11,0,1
265,6,12,6,6,1,1
265,9,8,8,8,0,1
265,1,6,6,6,1,1
265,7,10,10,10,1,1
265,13,8,13,13,1,1
265,5,8,5,5,1,1
265,12,0,0,0,0,1
265,9,6,9,9,0,1
265,5,10,10,10,1,1
265,3,2,2,2,0,1
265,12,1,1,1,1,1
265,9,9,9,9,0,1
265,13,1,1,1,1,1
265,4,0,0,0,0,1
265,1,12,12,12,1,1
265,13,9,9,9,0,1
265,10,10,10,10,1,1
265,1,6,6,6,1,1
265,1,7,1,1,1,1
265,1,2,2,2,0,1
265,5,5,5,5,0,1
265,0,4,0,0,0,1
265,10,1,1,1,1,1
265,4,0,4,4,0,1
265,1,13,13,13,0,1
265,5,3,3,3,0,1
265,0,7,0,0,1,1
265,11,3,3,3,1,1
265,12,9,12,12,0,1
265,6,3,6,6,0,1
265,3,4,4,4,0,1
265,7,4,4,4,0,1
265,4,6,6,6,0,1
265,2,3,3,3,1,1
265,3,2,3,3,1,1
265,7,8,7,7,1,1
265,4,7,4,4,1,1
265,11,12,11,12,0,0
265,2,0,2,2,0,1
265,8,5,5,8,1,0
265,8,13,8,8,1,1
266,1,2,2,2,1,1
266,11,9,11,11,0,1
266,12,1,1,1,1,1
266,7,8,7,7,1,1
266,0,10,0,0,1,1
266,6,5,6,6,0,1
266,6,7,7,6,1,0
266,2,4,4,4,0,1
266,3,0,0,0,1,1
266,3,2,3,3,0,1
266,2,9,9,9,1,1
266,0,10,0,0,1,1
266,2,5,5,5,1,1
266,12,4,12,12,1,1
266,8,5,5,5,0,1
266,6,0,6,6,1,1
266,7,2,7,7,1,1
266,4,9,4,4,0,1
266,6,12,6,6,0,1
266,5,2,5,5,1,1
266,2,13,2,2,0,1
266,10,0,10,10,1,1
266,13,0,0,0,1,1
266,13,4,13,13,1,1
266,11,2,11,11,0,1
266,4,13,4,4,0,1
266,5,7,7,7,1,1
266,3,1,3,3,1,1
266,0,4,0,0,1,1
266,5,0,5,5,0,1
266,12,4,4,12,0,0
266,8,0,8,8,1,1
266,7,13,13,13,1,1
266,8,7,7,7,0,1
266,7,5,7,7,1,1
266,13,7,13,13,1,1
266,8,0,8,8,0,1
266,3,12,3,3,1,1
266,6,12,6,6,1,1
266,9,8,8,8,1,1
266,2,10,2,2,0,1
269,7,11,11,11,0,1
269,11,3,3,3,1,1
269,9,2,9,9,1,1
269,13,4,4,4,1,1
269,10,9,9,9,0,1
269,7,10,7,7,0,1
269,6,7,6,6,1,1
269,9,5,5,5,1,1
269,6,6,6,6,0,1
269,4,11,11,11,0,1
269,10,12,10,10,1,1
269,13,5,5,5,1,1
269,11,12,11,11,1,1
269,5,0,5,5,0,1
269,2,13,13,13,0,1
269,7,12,7,7,0,1
269,5,6,6,6,0,1
269,4,12,4,4,1,1
269,12,4,12,12,0,1
269,12,3,3,3,0,1
269,11,3,3,3,1,1
269,11,11,11,11,0,1
269,11,6,6,6,0,1
269,5,13,13,13,1,1
269,10,3,3,3,0,1
269,10,6,10,10,1,1
269,7,4,4,4,0,1
269,13,2,13,13,1,1
269,13,10,13,13,1,1
269,7,3,7,7,0,1
269,4,9,4,4,0,1
269,12,8,12,12,1,1
269,1,10,10,1,0,0
269,11,1,1,1,1,1
269,9,3,9,9,1,1
269,11,12,11,11,1,1
269,5,9,5,9,1,0
269,8,9,9,9,0,1
269,7,9,9,9,0,1
269,0,8,0,0,1,1
269,6,3,6,6,0,1
269,3,11,3,3,1,1
269,7,6,7,7,1,1
269,11,7,11,11,1,1
269,6,2,2,2,0,1
269,5,6,6,6,1,1
269,8,13,8,8,0,1
269,11,11,11,11,1,1
269,8,2,2,2,1,1
269,9,10,9,9,1,1
269,7,11,7,7,1,1
269,9,4,4,4,0,1
269,3,5,5,5,0,1
269,5,12,12,12,0,1
269,4,2,4,4,1,1
269,0,9,0,0,1,1
269,8,10,8,8,0,1
269,5,12,5,5,0,1
269,1,5,1,1,0,1
269,2,2,2,2,1,1
269,13,12,12,12,0,1
269,10,1,10,10,1,1
269,8,9,9,9,0,1
269,3,11,3,3,1,1
269,13,7,7,7,1,1
269,8,5,5,5,1,1
269,3,8,8,8,0,1
269,12,13,12,12,1,1
269,2,13,2,2,1,1
269,9,1,9,9,1,1
269,9,12,9,9,0,1
269,4,3,3,3,0,1
269,12,10,12,12,1,1
269,9,7,7,9,1,0
269,7,1,7,7,1,1
269,1,12,1,1,0,1
269,9,4,4,4,0,1
269,5,8,5,5,0,1
269,11,1,11,11,1,1
270,1,6,1,6,1,0
270,8,12,8,8,0,1
270,1,1,1,1,0,1
270,0,4,4,0,0,0
270,1,13,13,13,1,1
270,11,12,11,11,0,1
270,7,3,3,3,0,1
270,10,4,4,4,0,1
270,11,11,11,11,0,1
270,13,5,13,13,1,1
270,5,0,0,0,0,1
270,11,1,11,11,1,1
270,5,10,10,5,1,0
270,8,11,8,8,0,1
270,12,6,12,12,0,1
270,13,12,12,13,1,0
270,11,9,9,9,1,1
270,9,2,2,9,1,0
270,5,6,5,6,0,0
270,5,7,5,5,0,1
270,4,2,4,4,1,1
270,9,8,8,8,0,1
270,10,4,10,10,0,1
271,2,4,2,2,1,1
271,13,12,12,12,1,1
271,8,10,10,10,0,1
271,6,12,6,6,1,1
271,0,6,0,0,0,1
271,7,4,7,7,0,1
271,1,0,0,1,1,0
271,10,9,10,10,0,1
271,2,6,2,2,1,1
271,10,1,1,1,0,1
271,10,5,10,10,1,1
271,0,2,0,0,1,1
271,9,2,9,9,0,1
271,5,13,13,13,0,1
271,7,10,7,7,0,1
271,3,6,3,3,1,1
271,2,9,9,9,0,1
271,4,8,8,8,0,1
271,10,8,10,10,1,1
271,5,4,5,5,1,1
271,8,3,8,8,0,1
271,7,6,6,6,1,1
271,4,4,4,4,1,1
271,2,1,2,2,0,1
271,10,1,1,1,1,1
271,5,2,2,2,0,1
271,3,9,9,9,0,1
271,10,8,10,10,1,1
271,7,6,6,6,0,1
271,2,4,2,2,0,1
271,5,3,3,3,0,1
271,5,10,10,10,0,1
271,2,10,10,10,0,1
271,3,13,3,3,0,1
271,13,11,13,13,0,1
271,9,2,9,9,1,1
271,11,12,11,11,0,1
271,3,1,3,1,0,0
271,2,8,8,8,1,1
271,9,13,9,13,0,0
271,7,8,7,7,1,1
271,0,12,0,0,1,1
271,9,0,0,0,1,1
271,2,4,4,4,0,1
271,1,11,11,1,1,0
271,1,0,0,0,1,1
271,1,3,3,3,0,1
271,9,4,4,4,1,1
271,9,5,5,5,0,1
271,3,4,4,4,1,1
271,1,9,1,1,0,1
271,9,5,5,5,1,1
271,1,4,1,1,0,1
271,12,0,0,0,0,1
271,9,6,9,9,1,1
271,2,8,8,8,1,1
271,0,13,0,0,1,1
271,13,0,13,13,1,1
271,6,7,7,7,0,1
271,10,2,2,2,0,1
271,4,5,4,4,1,1
271,12,2,2,2,1,1
271,9,8,8,8,1,1
271,9,1,1,1,1,1
271,8,3,3,3,1,1
271,6,6,6,6,0,1
272,2,0,0,2,0,0
272,13,6,6,6,1,1
272,13,8,8,8,1,1
272,1,4,1,1,0,1
272,0,13,0,0,0,1
272,4,7,7,7,1,1
272,2,9,2,2,1,1
272,12,7,7,7,0,1
272,7,0,0,0,0,1
272,1,0,1,1,0,1
272,12,12,12,12,0,1
272,9,8,9,9,1,1
272,10,2,10,10,0,1
272,12,13,13,13,1,1
272,10,12,12,12,0,1
272,4,1,1,1,0,1
272,5,8,8,8,1,1
272,13,6,6,6,0,1
272,11,1,11,11,0,1
272,10,3,3,3,1,1
272,4,13,13,13,1,1
272,2,6,6,6,0,1
272,7,12,7,12,1,0
272,4,3,4,4,1,1
272,12,2,2,2,0,1
272,10,7,10,10,0,1
272,5,3,5,5,0,1
272,1,3,3,3,1,1
272,11,0,0,0,0,1
272,5,4,5,5,1,1
273,7,10,7,10,0,0
273,1,11,1,1,0,1
273,1,6,6,6,1,1
273,2,4,2,2,1,1
273,5,6,6,6,0,1
273,0,7,0,0,0,1
273,4,10,10,4,0,0
273,4,4,4,4,0,1
273,1,3,3,3,0,1
273,12,2,2,2,1,1
273,13,0,0,0,0,1
273,11,13,13,13,0,1
273,12,9,9,9,1,1
273,5,11,11,11,0,1
273,12,12,12,12,1,1
273,3,0,3,3,0,1
273,9,0,0,0,1,1
273,10,0,0,0,0,1
273,7,9,7,7,0,1
273,4,0,4,4,1,1
273,2,5,2,2,0,1
273,11,8,8,8,1,1
273,11,9,9,9,0,1
273,3,9,9,9,1,1
273,2,11,2,2,0,1
273,12,5,5,5,0,1
273,6,8,8,8,1,1
273,5,8,8,5,1,0
273,10,4,4,4,1,1
273,12,9,12,12,1,1
273,11,10,11,11,1,1
273,4,1,1,1,0,1
273,7,2,7,7,0,1
273,4,13,13,13,1,1
273,8,5,5,5,0,1
273,3,13,3,3,0,1
273,13,6,6,6,0,1
273,0,6,0,0,0,1
273,10,4,4,4,0,1
273,1,11,11,1,0,0
273,13,7,7,7,1,1
273,9,12,9,9,0,1
273,10,0,0,0,0,1
273,13,12,13,13,0,1
273,13,7,7,13,1,0
273,8,3,3,3,1,1
273,10,7,10,10,1,1
273,5,7,7,7,1,1
273,7,4,7,7,1,1
273,0,12,0,0,1,1
273,2,6,6,2,0,0
273,7,9,7,7,1,1
273,3,5,3,3,1,1
273,5,0,0,0,1,1
273,9,4,4,4,0,1
273,1,6,1,1,1,1
273,2,1,1,1,0,1
273,7,10,7,7,0,1
273,5,11,11,11,1,1
273,4,11,11,11,0,1
276,4,3,3,4,1,0
276,3,0,3,3,1,1
276,13,12,13,13,0,1
277,11,4,4,4,1,1
277,10,8,8,8,0,1
277,2,4,4,4,0,1
277,3,12,3,3,1,1
277,10,2,2,2,0,1
277,7,2,2,2,1,1
277,8,9,9,9,1,1
277,8,3,3,3,1,1
277,10,1,10,10,1,1
277,4,0,0,0,0,1
277,12,1,1,1,0,1
277,8,1,1,1,0,1
277,7,0,7,7,1,1
277,2,13,13,13,0,1
277,8,12,12,12,1,1
277,4,9,9,9,0,1
277,11,6,11,11,1,1
277,12,13,12,12,1,1
277,10,6,6,6,0,1
277,2,9,2,2,1,1
277,11,7,7,11,0,0
277,10,9,9,9,0,1
277,4,12,4,4,1,1
277,3,13,13,13,1,1
277,1,7,7,7,1,1
277,0,13,0,0,0,1
277,5,1,5,5,0,1
278,8,5,8,8,1,1
278,9,12,12,12,1,1
278,10,3,3,3,1,1
278,4,11,4,4,1,1
278,7,7,7,7,0,1
278,5,12,5,5,0,1
278,13,2,13,13,1,1
278,9,2,2,9,0,0
278,7,11,11,11,0,1
278,3,13,3,3,0,1
278,8,11,11,11,1,1
278,6,3,6,6,1,1
278,9,0,0,0,0,1
278,13,8,8,8,1,1
278,9,3,3,3,1,1
278,10,13,13,13,1,1
278,2,9,9,9,0,1
278,4,9,9,9,1,1
278,4,10,4,4,0,1
278,11,1,11,11,0,1
278,6,6,6,6,0,1
278,10,11,11,11,0,1
278,12,1,1,1,1,1
278,12,9,12,12,0,1
278,8,12,12,12,1,1
278,10,3,3,3,0,1
278,12,11,11,11,1,1
278,9,5,9,9,0,1
278,7,10,7,7,0,1
278,3,2,2,2,0,1
278,11,5,5,11,0,0
278,10,7,7,7,1,1
279,8,10,8,10,1,0
279,6,2,2,2,1,1
279,10,7,7,10,0,0
279,13,6,13,13,1,1
279,2,1,1,1,0,1
279,4,10,4,10,1,0
279,5,11,11,11,1,1
279,9,10,10,10,0,1
279,9,8,8,8,1,1
279,7,9,9,9,0,1
279,13,8,13,13,1,1
279,2,0,2,2,0,1
279,4,0,4,4,1,1
279,10,6,6,6,1,1
279,9,6,6,9,0,0
279,4,10,10,10,0,1
279,9,13,13,13,0,1
279,12,11,12,12,1,1
279,7,3,3,3,0,1
279,1,6,1,1,1,1
279,12,11,12,12,0,1
279,5,9,5,5,1,1
279,2,13,2,2,1,1
279,7,4,7,7,0,1
279,3,0,0,3,1,0
279,10,4,4,4,0,1
280,12,10,10,10,1,1
280,9,11,11,11,0,1
280,8,9,9,9,0,1
280,13,10,10,13,0,0
280,13,5,13,13,1,1
280,3,2,2,3,1,0
280,7,12,12,12,1,1
284,3,12,3,3,1,1
284,11,13,13,13,1,1
284,5,6,5,6,1,0
285,1,10,1,10,0,0
285,6,3,6,6,1,1
285,1,1,1,1,0,1
285,13,10,13,13,1,1
285,9,9,9,9,0,1
285,13,12,12,12,0,1
285,8,4,8,8,0,1
285,8,6,6,6,0,1
285,3,12,3,3,1,1
285,11,4,4,4,1,1
285,4,13,4,4,0,1
285,8,4,4,8,1,0
285,5,12,12,5,0,0
285,3,6,3,3,1,1
285,13,9,9,9,1,1
285,4,10,4,4,0,1
285,2,4,4,4,0,1
285,6,0,0,0,1,1
285,1,5,1,5,0,0
285,4,11,11,11,1,1
285,2,12,12,2,0,0
286,11,0,0,0,0,1
286,2,4,4,4,1,1
286,10,5,10,10,0,1
286,1,4,1,1,1,1
286,12,6,12,12,0,1
286,3,11,3,3,1,1
286,6,3,3,3,0,1
286,8,3,3,3,0,1
286,11,5,5,5,0,1
286,5,0,5,5,0,1
286,2,13,13,13,1,1
286,12,1,12,12,0,1
286,6,6,6,6,1,1
286,5,4,5,5,1,1
286,11,10,10,10,0,1
286,3,1,1,1,0,1
286,11,3,3,3,1,1
286,8,3,3,3,1,1
286,11,6,6,6,0,1
286,5,11,5,5,1,1
286,11,13,11,11,0,1
286,1,13,1,1,1,1
286,5,3,5,5,1,1
286,3,10,3,3,0,1
286,4,0,4,4,0,1
286,0,7,0,0,0,1
286,8,2,2,2,0,1
286,6,9,9,9,1,1
286,12,7,7,7,0,1
286,5,11,5,5,1,1
287,3,7,7,7,0,1
287,11,9,11,11,0,1
287,3,12,3,3,1,1
287,11,6,6,6,0,1
287,4,11,4,11,1,0
287,4,8,8,8,0,1
287,0,11,0,0,0,1
287,8,13,8,8,1,1
287,10,5,10,10,1,1
287,5,12,5,5,0,1
287,9,3,9,9,1,1
287,9,10,9,9,1,1
287,12,5,12,12,0,1
287,12,6,6,6,1,1
287,5,12,5,5,1,1
287,13,11,11,11,0,1
287,2,4,4,4,0,1
290,0,12,0,0,1,1
290,11,10,11,11,0,1
290,13,11,13,13,1,1
290,9,9,9,9,1,1
290,1,12,1,1,0,1
290,4,7,4,4,1,1
290,2,12,12,12,0,1
290,6,12,6,12,1,0
290,10,9,9,9,1,1
290,2,9,2,2,1,1
290,8,1,1,1,0,1
290,1,13,13,13,0,1
290,9,8,9,9,1,1
290,3,11,11,11,1,1
290,6,9,6,6,1,1
290,13,3,3,3,1,1
290,13,9,13,13,0,1
290,11,6,6,6,1,1
290,7,11,11,11,0,1
290,11,4,4,4,1,1
290,9,7,7,7,1,1
291,3,3,3,3,1,1
291,4,13,4,4,0,1
291,4,1,4,4,0,1
291,6,10,6,6,1,1
291,4,2,4,2,1,0
291,13,8,8,13,1,0
291,11,9,11,11,1,1
291,13,8,8,8,0,1
291,13,10,13,13,1,1
291,5,13,13,13,1,1
291,13,5,5,5,1,1
291,2,2,2,2,0,1
291,9,7,9,7,0,0
291,2,12,12,12,1,1
291,2,4,4,4,1,1
291,5,6,5,5,1,1
291,2,9,9,9,1,1
291,4,8,4,4,0,1
291,10,7,10,10,1,1
291,3,12,12,12,0,1
291,4,9,4,4,0,1
291,4,3,3,3,0,1
291,7,10,7,7,1,1
291,8,12,12,12,0,1
291,1,7,1,1,1,1
291,4,11,4,4,0,1
291,2,7,7,7,0,1
291,5,6,5,5,0,1
291,1,8,1,1,0,1
291,1,5,1,1,1,1
291,4,13,4,4,0,1
291,6,7,7,6,1,0
291,2,7,7,7,0,1
291,13,9,9,13,1,0
291,8,4,4,4,0,1
291,6,5,6,6,1,1
291,8,7,8,7,1,0
291,5,6,5,5,0,1
291,8,4,8,8,1,1
291,1,13,13,13,0,1
291,8,12,12,12,1,1
291,8,3,3,3,1,1
291,12,11,11,11,1,1
292,4,7,7,7,1,1
292,8,8,8,8,1,1
292,12,2,12,2,0,0
292,9,2,9,9,1,1
292,8,7,8,8,1,1
292,5,1,1,1,1,1
292,8,7,8,8,0,1
292,3,7,3,7,0,0
292,9,9,9,9,1,1
292,8,5,8,8,0,1
292,1,0,1,1,0,1
292,5,12,5,5,0,1
292,6,2,2,2,0,1
292,10,6,6,6,1,1
292,10,9,9,9,1,1
292,6,6,6,6,1,1
292,6,1,6,6,1,1
292,10,2,10,10,1,1
292,11,3,11,11,0,1
292,12,0,0,0,0,1
292,2,1,1,1,0,1
292,1,5,5,5,1,1
292,5,2,2,2,0,1
292,6,2,6,6,0,1
292,3,7,7,7,0,1
292,11,4,11,11,0,1
292,0,2,0,0,0,1
292,2,13,2,2,1,1
292,9,6,9,9,1,1
292,2,3,2,3,0,0
297,9,7,9,9,0,1
297,4,7,4,4,1,1
297,2,11,2,11,0,0
297,1,9,1,1,0,1
297,5,7,5,5,0,1
297,2,7,7,7,1,1
297,4,6,6,6,0,1
297,13,8,13,8,0,0
297,8,11,8,8,0,1
297,2,7,7,7,1,1
297,5,5,5,5,1,1
297,12,7,7,7,0,1
297,3,6,3,3,0,1
297,0,1,0,0,1,1
297,8,13,8,8,0,1
297,2,7,2,7,0,0
297,13,4,4,4,0,1
297,4,5,4,4,0,1
297,10,13,10,10,1,1
297,3,4,3,3,0,1
297,9,3,9,3,1,0
297,10,8,10,10,0,1
297,5,6,5,6,1,0
297,9,13,9,9,0,1
297,5,2,5,5,1,1
297,3,3,3,3,0,1
297,6,13,6,6,0,1
297,12,1,1,1,0,1
297,3,0,0,0,0,1
297,11,6,11,11,0,1
297,1,10,10,10,1,1
297,5,2,2,2,0,1
297,11,6,6,6,1,1
297,8,11,11,11,1,1
297,0,11,0,0,1,1
297,4,13,4,4,0,1
297,8,8,8,8,0,1
297,2,6,6,6,1,1
297,9,9,9,9,1,1
297,5,10,10,10,1,1
297,1,9,1,1,0,1
297,5,5,5,5,0,1
297,2,11,11,2,0,0
297,12,3,3,3,0,1
297,2,4,4,4,1,1
298,4,2,2,2,0,1
298,2,13,13,2,0,0
298,5,4,4,5,1,0
298,11,13,13,13,0,1
298,2,9,9,9,0,1
298,6,1,1,1,1,1
298,7,2,7,7,0,1
298,3,8,3,3,1,1
298,5,11,11,11,0,1
298,11,4,11,11,0,1
298,7,12,7,7,0,1
298,1,0,0,0,1,1
298,7,0,7,7,1,1
298,1,0,1,1,0,1
298,1,5,1,1,1,1
298,0,12,0,0,1,1
298,2,3,3,3,1,1
298,10,5,10,5,1,0
298,3,9,9,9,0,1
298,13,2,13,13,1,1
298,7,3,7,7,1,1
298,4,1,4,4,0,1
298,5,7,5,5,1,1
298,1,7,1,1,1,1
298,11,4,11,11,0,1
298,13,11,11,13,0,0
298,6,8,8,6,1,0
299,11,0,0,0,1,1
299,2,13,13,2,0,0
299,13,2,13,2,0,0
299,2,1,2,2,1,1
299,8,11,8,8,1,1
299,10,10,10,10,1,1
299,12,2,12,12,0,1
299,11,8,8,8,0,1
299,7,13,13,13,1,1
299,10,0,0,10,0,0
299,10,7,7,7,1,1
299,8,5,8,8,0,1
299,6,4,6,6,0,1
299,7,8,7,7,0,1
299,3,8,3,3,0,1
299,9,11,11,9,1,0
299,3,9,9,9,1,1
299,8,6,6,6,1,1
299,8,6,6,8,0,0
299,3,12,12,12,0,1
299,12,5,12,12,1,1
299,7,11,7,7,1,1
299,11,7,11,11,1,1
299,3,7,7,7,1,1
299,8,0,0,0,0,1
299,6,13,13,13,1,1
299,5,7,7,5,1,0
299,3,7,3,3,1,1
299,10,1,1,1,0,1
299,2,4,2,2,1,1
