timestamp,days_from_20160101,stimchoice1,stimchoice2,stimchosen,correctidx,correct_stim,is_choice_color,chose_correct
1453726118413,24.53377792824074,4,10,10,2,10,1,1
1453726412377,24.537180289351852,9,3,9,1,9,1,1
1453726630960,24.539710185185186,3,6,3,2,6,0,0
1453726672953,24.54019621527778,5,11,11,2,11,1,1
1453726680479,24.540283321759258,10,4,4,2,4,1,1
1453726692525,24.540422743055554,8,2,2,2,2,1,1
1453726781687,24.541454710648146,2,14,2,1,2,0,1
1453726784746,24.54149011574074,1,7,1,2,7,1,0
1453726824445,24.541949594907404,3,13,13,2,13,0,1
1453726841954,24.54215224537037,14,13,13,1,14,1,0
1453726858307,24.542341516203702,3,9,3,1,3,1,1
1453726864391,24.54241193287037,6,12,6,1,6,1,1
1453726876382,24.542550717592594,1,4,1,2,4,0,0
1453726922571,24.5430853125,3,9,9,1,3,1,0
1453726936458,24.543246041666666,6,10,6,1,6,0,1
1453726988137,24.543844178240743,4,6,6,1,4,0,0
1453727011782,24.544117847222225,4,10,4,1,4,1,1
1453727483118,24.549573125,6,12,6,1,6,1,1
1453727508950,24.549872106481484,11,3,3,1,11,0,0
1453727688181,24.55194653935185,7,10,10,1,7,0,0
1453727875325,24.554112557870372,13,14,14,1,13,1,0
1453727964279,24.555142118055556,5,3,3,1,5,0,0
1453728068204,24.556344953703704,11,5,11,2,5,1,0
1453728124371,24.55699503472222,10,4,4,2,4,1,1
1453728193582,24.557796087962963,1,3,3,1,1,0,0
1453731233118,24.592975902777777,12,9,9,2,9,0,1
1453731237614,24.593027939814817,9,12,12,1,9,0,0
1453731551353,24.596659178240742,12,6,6,1,12,1,0
1453731555212,24.59670384259259,7,1,7,1,7,1,1
1453731895705,24.600644733796297,8,1,8,2,1,0,0
1453731898977,24.600682604166668,13,14,13,1,13,1,1
1453731943742,24.601200717592594,10,4,10,2,4,1,0
1453731951187,24.601286886574073,8,2,2,1,8,1,0
1453732165408,24.603766296296293,2,8,8,2,8,1,1
1453732184058,24.603982152777782,7,1,7,2,1,1,0
1453732264018,24.604907615740743,7,1,7,1,7,1,1
1453732304284,24.60537365740741,5,11,5,1,5,1,1
1453732346781,24.605865520833333,8,2,2,2,2,1,1
1453732387775,24.606339988425926,6,12,12,1,6,1,0
1453732396702,24.606443310185185,2,7,7,2,7,0,1
1453732436743,24.606906747685183,6,12,12,1,6,1,0
1453732467291,24.607260312500003,6,12,12,2,12,1,1
1453732514372,24.607805231481482,8,1,8,2,1,0,0
1453732556469,24.608292465277778,12,6,12,2,6,1,0
1453732607036,24.60887773148148,3,9,9,1,3,1,0
1453732702633,24.60998417824074,10,1,1,2,1,0,1
1453732778186,24.610858634259262,13,14,14,2,14,1,1
1453732847393,24.611659641203705,4,10,4,1,4,1,1
1453733010231,24.61354434027778,12,6,6,1,12,1,0
1453733118827,24.614801238425926,7,9,7,1,7,0,1
1453733121636,24.61483375,6,12,12,1,6,1,0
1453733305193,24.616958252314813,2,8,2,1,2,1,1
1453733363887,24.61763758101852,4,14,14,1,4,0,0
1453733664824,24.62112064814815,14,3,14,2,3,0,0
1453733731716,24.621894861111112,2,6,6,1,2,0,0
1453734315215,24.628648321759258,12,6,6,1,12,1,0
1453734358360,24.629147685185185,4,10,4,2,10,1,0
1453735436714,24.641628634259263,3,10,10,1,3,0,0
1453735537613,24.64279644675926,6,12,6,1,6,1,1
1453735604772,24.643573749999998,5,11,11,1,5,1,0
1453735697478,24.644646736111113,14,13,14,2,13,1,0
1453738154978,24.67309002314815,2,8,8,1,2,1,0
1453739166992,24.68480314814815,14,3,3,1,14,0,0
1453740137129,24.69603158564815,14,13,13,1,14,1,0
1453740470334,24.699888124999998,10,2,10,1,10,0,1
1453740474490,24.699936226851854,12,6,6,2,6,1,1
1453740477400,24.699969907407407,7,1,1,2,1,1,1
1453742251689,24.72050565972222,12,6,12,2,6,1,0
1453742255071,24.72054480324074,1,7,1,1,1,1,1
1453742300860,24.721074768518516,9,3,9,2,3,1,0
1453742340144,24.721529444444442,8,9,9,2,9,0,1
1453742832033,24.727222604166666,12,3,12,1,12,0,1
1453742844796,24.727370324074077,7,5,5,1,7,0,0
1453742944132,24.7285200462963,9,3,3,2,3,1,1
1453743216981,24.731678020833336,7,1,1,1,7,1,0
1453743219253,24.73170431712963,8,2,2,1,8,1,0
1453743222509,24.731742002314817,14,13,13,1,14,1,0
1453743325736,24.73293675925926,11,1,1,2,1,0,1
1453743356787,24.733296145833332,7,1,1,2,1,1,1
1453743781576,24.738212685185182,5,10,5,1,5,0,1
1453744094126,24.74183016203704,13,14,13,1,13,1,1
1453744184586,24.74287715277778,6,7,6,1,6,0,1
1453744190066,24.742940578703706,7,1,7,1,7,1,1
1453744193244,24.74297736111111,8,2,2,1,8,1,0
1453744589467,24.747563275462966,13,14,14,2,14,1,1
1453744603026,24.747720208333334,3,13,3,1,3,0,1
1453744665350,24.74844155092593,10,4,4,2,4,1,1
1453744684218,24.748659930555554,6,12,12,1,6,1,0
1453744763386,24.74957622685185,6,12,12,1,6,1,0
1453745333354,24.7561730787037,5,11,11,1,5,1,0
1453745345823,24.75631739583333,7,1,7,2,1,1,0
1453745360845,24.756491261574077,8,6,8,1,8,0,1
1453745432415,24.757319618055558,6,9,6,1,6,0,1
1453746596616,24.770794166666665,4,5,4,2,5,0,0
1453801763344,25.409297962962963,7,1,1,1,7,1,0
1453801899982,25.410879421296293,12,6,6,1,12,1,0
1453801933839,25.411271284722226,6,12,6,1,6,1,1
1453801962756,25.411605972222223,2,8,8,1,2,1,0
1453801987281,25.41188982638889,9,13,13,2,13,0,1
1453802054015,25.41266221064815,4,9,4,1,4,0,1
1453802085068,25.41302162037037,3,9,3,1,3,1,1
1453802090347,25.413082719907408,1,7,7,1,1,1,0
1453802125952,25.413494814814815,4,10,4,1,4,1,1
1453802128206,25.413520902777776,8,2,8,1,8,1,1
1453802168280,25.41398472222222,10,1,10,1,10,0,1
1453802208524,25.41445050925926,13,14,14,1,13,1,0
1453802237931,25.414790868055555,8,2,2,1,8,1,0
1453802246814,25.414893680555554,8,2,2,1,8,1,0
1453802340431,25.415977210648148,6,3,6,1,6,0,1
1453802471362,25.41749261574074,14,4,4,1,14,0,0
1453802546083,25.41835744212963,5,11,5,1,5,1,1
1453802931349,25.42281653935185,7,3,7,2,3,0,0
1453803435847,25.428655636574074,12,6,6,1,12,1,0
1453803627785,25.430877141203705,3,10,3,1,3,0,1
1453803632030,25.430926273148145,13,14,13,1,13,1,1
1453803777558,25.432610625000002,11,5,11,1,11,1,1
1453805163460,25.448651157407408,13,14,14,1,13,1,0
1453806130670,25.459845717592593,2,7,7,1,2,0,0
1453806133099,25.459873831018516,13,14,13,2,14,1,0
1453806213262,25.46080164351852,5,11,11,1,5,1,0
1453806244518,25.46116340277778,13,14,13,1,13,1,1
1453806640272,25.465743888888888,7,1,1,1,7,1,0
1453806713422,25.466590532407405,2,8,2,1,2,1,1
1453806831894,25.46796173611111,13,2,13,1,13,0,1
1453806834073,25.467986956018517,3,5,5,2,5,0,1
1453806873886,25.46844775462963,9,3,3,1,9,1,0
1453807361993,25.4740971412037,1,2,2,1,1,0,0
1453807518100,25.475903935185187,1,7,1,2,7,1,0
1453807523737,25.475969178240742,5,11,5,1,5,1,1
1453807593725,25.476779224537037,1,12,12,1,1,0,0
1453807597724,25.476825509259257,13,14,13,2,14,1,0
1453807814421,25.47933357638889,12,6,6,1,12,1,0
1453808389996,25.48599532407407,4,10,4,1,4,1,1
1453808449421,25.486683113425926,4,10,4,1,4,1,1
1453808460774,25.48681451388889,6,12,12,1,6,1,0
1453808495972,25.48722189814815,9,3,3,1,9,1,0
1453808511794,25.48740502314815,6,2,2,1,6,0,0
1453808523065,25.487535474537037,13,5,13,1,13,0,1
1453808597709,25.48839940972222,14,7,7,2,7,0,1
1453808854956,25.491376805555554,7,1,1,1,7,1,0
1453808970645,25.492715798611112,5,11,11,1,5,1,0
1453809021227,25.493301238425925,5,11,5,1,5,1,1
1453809040995,25.493530034722223,7,6,6,1,7,0,0
1453809082084,25.49400560185185,11,13,11,1,11,0,1
1453809094701,25.494151631944444,9,3,3,2,3,1,1
1453809221071,25.495614247685186,12,6,6,2,6,1,1
1453809270463,25.49618591435185,6,3,6,1,6,0,1
1453809280520,25.496302314814816,12,6,6,1,12,1,0
1453810081133,25.505568668981482,13,14,14,1,13,1,0
1453810130906,25.50614474537037,9,3,3,1,9,1,0
1453810348695,25.508665451388886,3,9,9,1,3,1,0
1453810354304,25.50873037037037,2,8,8,2,8,1,1
1453811650271,25.523729988425927,10,4,4,1,10,1,0
1453811653597,25.523768483796296,8,2,2,1,8,1,0
1453811741984,25.524791481481483,14,5,5,1,14,0,0
1453811796921,25.52542732638889,1,7,1,1,1,1,1
1453812004484,25.52782967592593,4,10,10,1,4,1,0
1453812306236,25.531322175925926,9,4,9,1,9,0,1
1453813030281,25.539702326388888,13,14,14,2,14,1,1
1453813298191,25.542803136574076,7,1,7,1,7,1,1
1453813439272,25.544436018518518,13,14,13,1,13,1,1
1453813531490,25.545503356481483,5,11,11,1,5,1,0
1453813624593,25.5465809375,1,7,7,1,1,1,0
1453813692085,25.547362094907406,2,8,8,2,8,1,1
1453813957307,25.55043179398148,6,10,6,1,6,0,1
1453814680662,25.558803958333332,3,9,3,1,3,1,1
1453815358840,25.566653240740738,11,14,14,1,11,0,0
1453815409630,25.567241087962962,14,13,14,1,14,1,1
1453815626099,25.569746516203704,13,14,14,1,13,1,0
1453815920964,25.573159305555556,7,1,7,1,7,1,1
1453815925992,25.573217500000002,11,5,5,1,11,1,0
1453817202124,25.587987546296294,4,10,10,1,4,1,0
1453817284259,25.588938182870372,7,1,7,1,7,1,1
1453817311848,25.589257500000002,10,6,10,2,6,0,0
1453817377857,25.590021493055552,6,10,6,1,6,0,1
1453817383416,25.590085833333337,5,11,11,1,5,1,0
1453817391059,25.59017429398148,9,3,9,1,9,1,1
1453817618708,25.592809120370372,14,1,14,1,14,0,1
1453817747190,25.594296180555556,13,14,14,2,14,1,1
1453817763391,25.59448369212963,3,10,10,1,3,0,0
1453817902699,25.596096053240743,8,7,8,1,8,0,1
1453817906237,25.596137002314816,8,2,8,1,8,1,1
1453817915361,25.596242604166665,12,6,12,1,12,1,1
1453817975504,25.596938703703707,13,14,14,1,13,1,0
1453818945816,25.608169166666666,1,7,7,1,1,1,0
1453819166901,25.610728020833335,8,2,2,1,8,1,0
1453819176822,25.610842847222223,10,4,10,1,10,1,1
1453819276932,25.612001527777778,14,13,13,1,14,1,0
1453819564924,25.61533476851852,13,14,13,1,13,1,1
1453819926493,25.619519594907405,3,9,3,2,9,1,0
1453820044893,25.62088996527778,9,1,9,1,9,0,1
1453820243706,25.623191041666665,9,3,3,1,9,1,0
1453820261332,25.623395046296295,5,11,5,1,5,1,1
1453820358662,25.624521550925927,13,8,13,1,13,0,1
1453820849875,25.630206886574076,5,6,6,1,5,0,0
1453821353030,25.636030439814814,2,6,2,1,2,0,1
1453821357692,25.636084398148146,4,10,10,1,4,1,0
1453821363263,25.636148877314813,1,5,1,1,1,0,1
1453821377235,25.636310590277777,7,1,7,1,7,1,1
1453822129775,25.64502054398148,14,13,13,2,13,1,1
1453822167414,25.645456180555556,5,11,5,1,5,1,1
1453822170104,25.64548731481481,3,9,3,1,3,1,1
1453822197179,25.64580068287037,4,10,4,1,4,1,1
1453822199629,25.645829039351852,13,2,13,1,13,0,1
1453822222498,25.646093726851852,7,1,7,1,7,1,1
1453822397905,25.64812390046296,10,9,9,1,10,0,0
1453822516617,25.649497881944445,8,5,5,1,8,0,0
1453822519145,25.649527141203706,2,8,2,1,2,1,1
1453822807241,25.652861585648147,1,7,7,2,7,1,1
1453822813706,25.652936412037036,1,7,1,1,1,1,1
1454924308471,38.40171841435185,7,5,7,2,5,0,0
1454924321729,38.401871863425924,4,10,10,2,10,1,1
1454924647884,38.405646805555556,12,11,12,2,11,0,0
1454924910346,38.408684560185186,10,8,10,1,10,0,1
1454924913191,38.40871748842593,11,5,11,2,5,1,0
1454925645207,38.41718989583333,1,7,7,1,1,1,0
1454928616513,38.45158001157407,12,6,12,1,12,1,1
1454928663625,38.452125289351855,8,2,2,2,2,1,1
1454932131552,38.492263333333334,11,4,4,2,4,0,1
1454932917573,38.50136079861111,4,13,4,1,4,0,1
1454932985240,38.50214398148148,10,4,4,2,4,1,1
1454933039878,38.50277636574074,10,13,13,1,10,0,0
1454933193427,38.50455355324074,4,10,10,2,10,1,1
1454935028752,38.52579574074074,11,4,4,1,11,0,0
1454935096123,38.52657549768519,3,9,9,2,9,1,1
1454935277141,38.52867061342592,3,9,3,1,3,1,1
1454935299648,38.52893111111111,9,4,9,2,4,0,0
1454943832498,38.62769094907408,5,11,5,1,5,1,1
1454943924664,38.628757685185185,4,10,4,1,4,1,1
1454944270897,38.63276501157407,9,13,9,2,13,0,0
1454944673517,38.63742496527778,13,14,14,2,14,1,1
1454945475384,38.646705833333336,14,13,14,2,13,1,0
1454946085191,38.65376378472222,13,14,14,2,14,1,1
1455010964381,39.40468033564815,9,3,9,2,3,1,0
1455011014117,39.405255983796295,2,8,8,2,8,1,1
1455011073088,39.40593851851852,14,13,13,2,13,1,1
1455011140457,39.40671825231482,14,13,14,2,13,1,0
1455011184587,39.4072290162037,13,14,13,1,13,1,1
1455011278411,39.40831494212963,12,6,12,2,6,1,0
1455011327363,39.4088815162037,7,1,1,2,1,1,1
1455011357183,39.409226655092596,2,8,2,1,2,1,1
1455011381920,39.409512962962964,4,10,4,2,10,1,0
1455012016260,39.41685486111111,14,2,14,1,14,0,1
1455012190009,39.41886584490741,8,2,8,1,8,1,1
1455012292832,39.42005592592592,9,3,9,1,9,1,1
1455012301549,39.42015681712963,11,5,5,2,5,1,1
1455012375601,39.42101390046296,4,11,11,2,11,0,1
1455012382858,39.42109789351852,2,8,8,2,8,1,1
1455012388598,39.4211643287037,2,8,2,2,8,1,0
1455012446721,39.42183704861111,2,8,8,2,8,1,1
1455012748473,39.42532954861112,12,11,12,2,11,0,0
1455012759550,39.425457754629626,3,9,9,2,9,1,1
1455016589035,39.469780497685186,13,14,14,1,13,1,0
1455016725999,39.47136572916666,13,10,13,1,13,0,1
1455016818597,39.47243746527778,1,7,7,2,7,1,1
1455016884997,39.4732059837963,3,9,9,2,9,1,1
1455016887873,39.47323927083333,5,11,11,2,11,1,1
1455016945091,39.4739015162037,1,14,14,1,1,0,0
1455016950187,39.473960497685184,12,4,4,1,12,0,0
1455017074466,39.475398912037036,11,5,11,1,11,1,1
1455017078729,39.47544825231481,1,7,7,2,7,1,1
1455017081436,39.47547958333334,9,3,9,1,9,1,1
1455017133531,39.476082534722224,9,13,9,2,13,0,0
1455017270803,39.47767133101852,8,11,11,1,8,0,0
1455017369494,39.47881358796296,8,2,8,1,8,1,1
1455017472761,39.48000880787037,5,11,11,2,11,1,1
1455017494931,39.48026540509259,4,14,4,1,4,0,1
1455017956880,39.485612037037036,6,12,6,1,6,1,1
1455018019768,39.48633990740741,2,11,2,1,2,0,1
1455018174252,39.48812791666666,12,6,6,1,12,1,0
1455018205654,39.48849136574074,7,12,12,1,7,0,0
1455018239781,39.48888635416667,12,6,6,1,12,1,0
1455018272707,39.48926744212963,5,11,5,1,5,1,1
1455018328605,39.489914409722225,10,4,10,1,10,1,1
1455019510293,39.503591354166666,4,13,13,1,4,0,0
1455019513481,39.50362825231482,14,13,13,1,14,1,0
1455019560909,39.5041771875,5,11,11,1,5,1,0
1455020567160,39.51582361111111,3,9,3,1,3,1,1
1455021232479,39.523524062499995,13,12,12,1,13,0,0
1455021245542,39.52367525462963,14,13,14,1,14,1,1
1455022196127,39.534677395833334,8,2,2,1,8,1,0
1455022245798,39.535252291666666,6,12,12,1,6,1,0
1455022331474,39.53624391203704,14,13,14,1,14,1,1
1455023749782,39.55265951388889,7,1,1,1,7,1,0
1455024159563,39.557402349537035,8,2,8,1,8,1,1
1455024161642,39.55742641203704,7,1,7,1,7,1,1
1455024184114,39.55768650462963,4,5,5,1,4,0,0
1455024214116,39.55803375,6,2,2,1,6,0,0
1455024234207,39.55826628472222,14,13,14,1,14,1,1
1455024288347,39.55889290509259,2,8,8,2,8,1,1
1455024300466,39.5590331712963,2,4,4,1,2,0,0
1455024307079,39.559109710648144,13,8,8,2,8,0,1
1455024314980,39.55920115740741,13,14,14,1,13,1,0
1455024544890,39.56186215277778,14,13,13,1,14,1,0
1455024627579,39.56281920138889,10,4,10,1,10,1,1
1455024636215,39.562919155092594,1,7,7,1,1,1,0
1455024730885,39.564014872685185,7,1,1,1,7,1,0
1455024958493,39.56664922453704,12,6,12,1,12,1,1
1455024990572,39.56702050925926,4,13,13,2,13,0,1
1455025046138,39.567663634259254,12,6,6,2,6,1,1
1455025155196,39.56892587962963,3,8,8,2,8,0,1
1455025559651,39.57360707175926,7,1,7,1,7,1,1
1455025797922,39.57636483796296,4,10,10,1,4,1,0
1455025811039,39.57651665509259,12,13,13,2,13,0,1
1455025983532,39.578513101851854,13,14,14,1,13,1,0
1455027286935,39.593598784722225,4,10,4,1,4,1,1
1455027482304,39.59586,1,7,1,1,1,1,1
1455027484735,39.595888136574075,13,11,13,2,11,0,0
1455027488674,39.595933726851854,10,4,10,1,10,1,1
1455027558636,39.59674347222222,14,13,13,1,14,1,0
1455027585208,39.59705101851852,3,9,3,1,3,1,1
1455027611543,39.59735582175926,12,5,5,1,12,0,0
1455027615686,39.59740377314815,2,6,6,1,2,0,0
1455027772723,39.59922133101852,2,4,4,1,2,0,0
1455027775953,39.59925871527778,13,14,14,1,13,1,0
1455027778951,39.59929341435185,5,11,11,2,11,1,1
1455027837752,39.59997398148148,9,3,9,1,9,1,1
1455027942130,39.60118206018518,4,10,10,1,4,1,0
1455027945912,39.60122583333333,1,7,1,1,1,1,1
1455027955070,39.6013318287037,10,4,10,1,10,1,1
1455028360661,39.60602616898148,6,12,6,1,6,1,1
1455028368121,39.606112511574075,13,14,13,1,13,1,1
1455028401323,39.60649679398148,2,8,2,1,2,1,1
1455028447199,39.60702776620371,9,3,9,2,3,1,0
1455028454922,39.607117152777775,3,7,7,1,3,0,0
1455028476970,39.607372337962964,8,2,8,1,8,1,1
1455028620591,39.60903461805555,9,3,3,1,9,1,0
1455028638048,39.60923666666667,9,3,3,1,9,1,0
1455028643501,39.60929978009259,12,5,5,2,5,0,1
1455028658781,39.609476631944446,6,12,12,2,12,1,1
1455029020972,39.61366865740741,3,9,3,1,3,1,1
1455029255771,39.616386238425925,14,12,14,1,14,0,1
1455029263267,39.616472997685186,5,11,11,1,5,1,0
1455029663385,39.621103993055556,8,2,8,1,8,1,1
1455029685505,39.621360011574076,13,14,13,1,13,1,1
1455029688190,39.62139108796296,10,4,4,1,10,1,0
1455029767147,39.62230494212963,11,1,11,1,11,0,1
1455029817901,39.622892372685186,8,2,2,1,8,1,0
1455029874186,39.62354381944445,13,11,11,2,11,0,1
1455029876646,39.62357229166667,14,12,14,2,12,0,0
1455030433994,39.6300230787037,11,5,11,2,5,1,0
1455030467301,39.63040857638889,2,12,12,2,12,0,1
1455030751712,39.63370037037037,9,3,9,1,9,1,1
1455030754033,39.63372723379629,12,8,8,1,12,0,0
1455030761046,39.63380840277778,10,4,10,1,10,1,1
1455030823772,39.63453439814815,11,12,12,2,12,0,1
1455030837925,39.63469820601852,7,1,7,2,1,1,0
1455031521625,39.64261140046296,10,11,11,1,10,0,0
1455031534898,39.64276502314815,5,2,5,1,5,0,1
1455031852310,39.64643877314815,5,11,5,1,5,1,1
1455031898596,39.64697449074074,13,14,13,1,13,1,1
1455031913859,39.647151145833334,8,2,8,1,8,1,1
1455032360057,39.65231547453704,9,3,9,1,9,1,1
1455032389952,39.65266148148148,12,6,12,1,12,1,1
1455032541673,39.654417511574074,3,9,3,1,3,1,1
1455032727917,39.65657311342593,13,14,13,1,13,1,1
1455032768999,39.657048599537035,3,9,3,1,3,1,1
1457519617787,68.44002068287037,1,13,1,1,1,0,1
1457519940786,68.44375909722223,4,3,3,2,3,0,1
1457519956357,68.44393931712963,1,7,1,2,7,1,0
1457520557765,68.45090005787037,13,4,13,1,13,0,1
1457520622104,68.45164472222223,7,1,1,1,7,1,0
1457520640733,68.45186033564815,10,5,10,2,5,0,0
1457520647860,68.45194282407408,7,1,7,1,7,1,1
1457520818913,68.45392260416666,8,11,8,1,8,0,1
1457520825386,68.45399752314815,4,10,10,2,10,1,1
1457520832717,68.45408237268519,4,10,10,2,10,1,1
1457520892320,68.45477222222223,4,7,4,2,7,0,0
1457520896906,68.45482530092593,9,3,9,1,9,1,1
1457520903945,68.45490677083333,12,1,12,2,1,0,0
1457520986116,68.45585782407407,12,6,6,2,6,1,1
1457520995293,68.45596403935184,12,6,6,1,12,1,0
1457521000197,68.4560207986111,6,11,11,2,11,0,1
1457521190851,68.45822744212963,8,2,8,1,8,1,1
1457521279738,68.45925622685185,1,7,7,2,7,1,1
1457521330036,68.45983837962963,7,1,1,2,1,1,1
1457521336921,68.45991806712964,8,13,13,1,8,0,0
1457521832238,68.46565090277778,8,2,8,1,8,1,1
1457522017732,68.46779782407407,11,5,5,1,11,1,0
1457522451484,68.47281810185186,13,14,13,1,13,1,1
1457523546480,68.48549166666668,10,4,10,1,10,1,1
1457523556808,68.48561120370371,2,13,13,2,13,0,1
1457523769131,68.48806864583334,14,13,14,1,14,1,1
1457523847860,68.48897986111112,5,11,5,1,5,1,1
1457524099921,68.4918972337963,7,1,7,1,7,1,1
1457524113702,68.49205673611111,7,6,6,1,7,0,0
1457524233981,68.49344885416666,8,11,8,2,11,0,0
1457524253145,68.49367065972221,8,2,8,1,8,1,1
1457524317360,68.49441388888889,12,4,4,2,4,0,1
1457524372442,68.49505141203703,11,5,5,1,11,1,0
1457524391095,68.49526730324074,12,6,6,1,12,1,0
1457524395283,68.49531577546296,9,3,3,1,9,1,0
1457525428491,68.5072742013889,5,9,5,1,5,0,1
1457525468872,68.50774157407407,12,6,6,1,12,1,0
1457525561176,68.50880990740741,1,7,1,1,1,1,1
1457525674850,68.5101255787037,4,10,4,2,10,1,0
1457525695147,68.51036049768518,10,4,10,1,10,1,1
1457525736035,68.51083373842593,1,7,7,2,7,1,1
1457525859008,68.51225703703705,4,10,10,1,4,1,0
1457525865894,68.51233673611111,13,14,13,1,13,1,1
1457525921280,68.51297777777778,7,13,7,2,13,0,0
1457525933407,68.51311813657406,3,7,3,1,3,0,1
1457526032559,68.51426572916667,12,6,12,1,12,1,1
1457526465346,68.51927483796297,1,7,1,1,1,1,1
1457526657641,68.52150047453704,2,4,4,2,4,0,1
1457526670024,68.5216437962963,6,2,6,1,6,0,1
1457526862124,68.52386717592593,10,4,4,1,10,1,0
1457527198740,68.52776319444445,11,5,11,1,11,1,1
1457527441164,68.53056902777777,7,1,7,2,1,1,0
1457527736081,68.53398241898148,8,2,8,1,8,1,1
1457527745907,68.53409614583333,14,3,3,1,14,0,0
1457528008385,68.53713408564815,5,11,11,1,5,1,0
1457528011341,68.5371682986111,7,1,7,1,7,1,1
1457528080715,68.53797123842592,5,11,5,1,5,1,1
1457528179216,68.5391112962963,12,6,12,1,12,1,1
1457528485558,68.5426569212963,11,7,7,2,7,0,1
1457528652236,68.54458606481481,10,4,10,1,10,1,1
1457528663526,68.54471673611111,5,11,5,1,5,1,1
1457528798990,68.54628460648148,8,2,2,1,8,1,0
1457529142130,68.55025613425926,2,10,2,1,2,0,1
1457529258088,68.55159824074074,4,7,7,1,4,0,0
1457529426261,68.5535446875,7,8,7,1,7,0,1
1457529570772,68.55521726851852,2,8,8,1,2,1,0
1457529853681,68.55849167824074,11,9,11,1,11,0,1
1457530264679,68.56324859953703,13,14,13,1,13,1,1
1457530463058,68.56554465277777,14,13,14,1,14,1,1
1457531276549,68.57496005787037,6,12,12,2,12,1,1
1457531383166,68.57619405092593,11,5,5,1,11,1,0
1457531915871,68.58235961805556,11,2,2,1,11,0,0
1457533220822,68.59746321759259,9,3,9,1,9,1,1
1457533553903,68.60131832175927,6,12,6,2,12,1,0
1457533824146,68.60444613425926,6,2,2,1,6,0,0
1457533826833,68.60447723379629,7,8,8,1,7,0,0
1457533872640,68.6050074074074,3,9,3,2,9,1,0
1457533877575,68.60506452546296,7,1,1,1,7,1,0
1457533908974,68.60542793981482,1,8,1,1,1,0,1
1457533924913,68.60561241898148,14,13,14,1,14,1,1
1457533927114,68.60563789351852,7,8,7,1,7,0,1
1457534128387,68.60796744212963,2,8,8,1,2,1,0
1457534206729,68.60887417824074,14,13,14,1,14,1,1
1457534611128,68.61355472222222,5,12,12,1,5,0,0
1457534717064,68.61478083333334,4,8,8,2,8,0,1
1457535629519,68.6253416550926,1,7,1,1,1,1,1
1457535737255,68.62658859953703,14,13,13,1,14,1,0
1457535745143,68.62667989583333,2,7,7,2,7,0,1
1457535808672,68.62741518518519,13,14,13,1,13,1,1
1457535956688,68.62912833333334,8,2,2,1,8,1,0
1457535959376,68.62915944444444,2,10,10,2,10,0,1
1457536085269,68.63061653935186,12,6,12,2,6,1,0
1457536574214,68.636275625,7,11,7,1,7,0,1
1457536686617,68.63757658564815,12,5,12,1,12,0,1
1457536688768,68.63760148148148,9,3,9,1,9,1,1
1457536866364,68.63965699074075,3,9,3,2,9,1,0
1457537147121,68.64290649305556,3,2,2,1,3,0,0
1457537232215,68.64389137731482,11,5,5,1,11,1,0
1457537893096,68.65154046296296,7,9,9,1,7,0,0
1457538299252,68.6562413425926,9,12,12,1,9,0,0
1457538409507,68.65751744212963,13,14,13,1,13,1,1
1457538413806,68.65756719907407,9,3,9,1,9,1,1
1457538418001,68.65761575231481,10,4,4,1,10,1,0
1457538445545,68.65793454861111,1,7,7,1,1,1,0
1457538458897,68.65808908564814,6,12,12,2,12,1,1
1457538566227,68.65933133101852,2,8,2,1,2,1,1
1457538716112,68.66106611111111,11,5,5,1,11,1,0
1457538731449,68.66124362268519,14,11,14,1,14,0,1
1457539843938,68.67411965277778,12,6,6,1,12,1,0
1457539927023,68.67508128472222,6,12,12,2,12,1,1
1457539941354,68.67524715277779,10,5,5,1,10,0,0
1457540078899,68.6768391087963,5,11,5,1,5,1,1
1457540176668,68.67797069444444,14,13,14,1,14,1,1
1457540299549,68.67939292824073,8,5,5,1,8,0,0
1457540444630,68.68107210648148,6,12,12,2,12,1,1
1457540456867,68.68121373842592,10,1,10,1,10,0,1
1457602691188,69.40151837962964,3,13,3,1,3,0,1
1457602955166,69.40457368055556,12,5,12,1,12,0,1
1457602965190,69.40468969907408,4,10,4,1,4,1,1
1457602969373,69.40473811342592,10,4,10,1,10,1,1
1457603013403,69.40524771990741,14,13,14,1,14,1,1
1457603071701,69.40592246527778,6,12,6,1,6,1,1
1457603129507,69.4065915162037,5,3,3,1,5,0,0
1457603239295,69.40786221064815,9,3,3,1,9,1,0
1457603241668,69.40788967592592,13,14,13,2,14,1,0
1457603321452,69.40881310185185,10,4,4,2,4,1,1
1457603326185,69.40886788194445,5,14,5,2,14,0,0
1457603408050,69.40981539351851,13,14,13,1,13,1,1
1457603479534,69.41064275462963,13,14,13,1,13,1,1
1457603562178,69.41159928240741,3,4,4,1,3,0,0
1457603608390,69.41213414351851,11,7,11,1,11,0,1
1457603653253,69.4126533912037,6,12,12,1,6,1,0
1457603805809,69.41441908564815,2,5,2,1,2,0,1
1457604256123,69.41963105324074,3,9,9,1,3,1,0
1457604333066,69.42052159722222,14,13,13,1,14,1,0
1457604437963,69.42173568287038,6,12,6,1,6,1,1
1457604446629,69.4218359837963,13,14,13,2,14,1,0
1457604669592,69.42441657407407,10,4,10,1,10,1,1
1457607361004,69.45556717592592,6,7,6,1,6,0,1
1457607827588,69.4609674537037,3,2,2,1,3,0,0
1457607842032,69.46113462962963,3,9,3,1,3,1,1
1457608142918,69.46461710648148,7,1,7,1,7,1,1
1457608850816,69.47281037037037,6,12,6,1,6,1,1
1457608857754,69.4728906712963,4,10,10,2,10,1,1
1457608863872,69.47296148148149,3,9,3,2,9,1,0
1457609630152,69.48183046296296,8,6,8,1,8,0,1
1457609743766,69.48314543981482,1,10,10,1,1,0,0
1457609945785,69.48548362268518,14,6,14,1,14,0,1
1457609961307,69.48566327546297,13,3,13,2,3,0,0
1457609997798,69.486085625,10,4,4,1,10,1,0
1457610022965,69.48637690972222,4,10,4,2,10,1,0
1457610030157,69.48646015046296,5,4,5,1,5,0,1
1457610037015,69.48653952546296,3,1,3,1,3,0,1
1457610057125,69.4867722800926,5,11,11,2,11,1,1
1457610063892,69.48685060185186,6,12,6,1,6,1,1
1457610128058,69.4875932638889,4,10,10,2,10,1,1
1457610146643,69.48780836805555,1,14,14,1,1,0,0
1457610177025,69.48816001157408,4,9,4,1,4,0,1
1457610181146,69.48820770833333,4,10,4,1,4,1,1
1457610235181,69.48883311342593,14,13,14,1,14,1,1
1457610278349,69.48933274305556,4,10,10,1,4,1,0
1457610280333,69.48935570601851,5,11,11,1,5,1,0
1457610293989,69.48951376157407,10,4,10,1,10,1,1
1457610863001,69.49609954861111,5,3,5,1,5,0,1
1457611115606,69.4990232175926,3,9,9,2,9,1,1
1457611190441,69.49988936342592,2,8,8,1,2,1,0
1457611505365,69.50353431712963,2,8,2,1,2,1,1
1457611871658,69.50777381944444,5,11,11,2,11,1,1
1457612037464,69.50969287037037,10,4,10,1,10,1,1
1457612211901,69.51171181712962,13,14,13,2,14,1,0
1457612645243,69.51672734953704,4,14,14,2,14,0,1
1457612773575,69.51821267361112,12,6,6,1,12,1,0
1457613494739,69.52655947916666,8,2,8,1,8,1,1
1457614007962,69.53249956018519,14,13,13,2,13,1,1
1457614015886,69.53259127314814,14,13,14,1,14,1,1
1457614269295,69.53552424768519,8,14,8,1,8,0,1
1457614277790,69.53562256944444,13,14,14,1,13,1,0
1457615115659,69.54532012731481,3,9,3,1,3,1,1
1457615344614,69.54797006944445,9,3,9,1,9,1,1
1457615755673,69.55272769675926,12,6,12,1,12,1,1
1457615798519,69.55322359953703,11,5,5,1,11,1,0
1457615839323,69.55369586805556,4,10,10,2,10,1,1
1457615880400,69.5541712962963,13,14,14,2,14,1,1
1457615930554,69.55475178240741,13,14,13,1,13,1,1
1457616123139,69.55698077546297,9,12,12,2,12,0,1
1457616151466,69.55730863425926,9,14,14,1,9,0,0
1457616160645,69.55741487268519,2,8,2,1,2,1,1
1457616228310,69.5581980324074,13,1,13,1,13,0,1
1457616276663,69.55875767361111,5,11,5,2,11,1,0
1457616295510,69.55897581018519,5,3,3,2,3,0,1
1457616297770,69.5590019675926,8,9,9,2,9,0,1
1457616385637,69.56001894675926,10,1,1,2,1,0,1
1457616410868,69.56031097222223,1,7,1,1,1,1,1
1457616482711,69.56114248842593,9,13,9,1,9,0,1
1457616489383,69.56121971064815,13,3,3,2,3,0,1
1457616502247,69.56136859953705,5,11,11,1,5,1,0
1457616633673,69.5628897337963,13,14,13,1,13,1,1
1457616746566,69.56419636574074,11,5,5,2,5,1,1
1457616835385,69.56522436342593,12,6,6,2,6,1,1
1457616852061,69.56541737268519,9,3,9,1,9,1,1
1457616858250,69.56548900462963,13,10,10,1,13,0,0
1457617157136,69.56894833333334,10,4,10,1,10,1,1
1457617320028,69.5708336574074,1,14,1,1,1,0,1
1457617724339,69.57551318287037,3,9,3,1,3,1,1
1457618325326,69.58246905092594,4,10,10,2,10,1,1
1457618438618,69.58378030092592,8,2,2,1,8,1,0
1457618791020,69.58785902777777,9,3,9,1,9,1,1
1457618795175,69.58790711805555,5,11,11,2,11,1,1
1457618809188,69.58806930555555,9,3,3,1,9,1,0
1457618891748,69.58902486111111,3,9,3,2,9,1,0
1457618995682,69.59022780092593,6,11,11,1,6,0,0
1457618998544,69.59026092592592,1,7,1,1,1,1,1
1457619009690,69.59038993055556,9,14,14,2,14,0,1
1457619499775,69.59606221064816,5,6,5,1,5,0,1
1457619507397,69.59615042824073,3,9,9,1,3,1,0
1457619513380,69.59621967592592,10,4,10,1,10,1,1
1457619639818,69.59768307870371,10,4,10,1,10,1,1
1457619689420,69.59825717592592,2,8,8,1,2,1,0
1457620082355,69.60280503472222,13,5,5,1,13,0,0
1457620108240,69.60310462962963,10,4,10,1,10,1,1
1457620134475,69.60340827546295,6,12,12,1,6,1,0
1457620138871,69.6034591550926,6,14,14,1,6,0,0
1457620155391,69.6036503587963,5,11,11,1,5,1,0
1457620159592,69.60369898148149,8,2,2,1,8,1,0
1457620186180,69.60400671296296,1,5,5,1,1,0,0
1457620188158,69.60402960648148,10,14,10,1,10,0,1
1457620204370,69.60421724537038,1,13,1,1,1,0,1
1457620215213,69.60434274305555,10,4,10,1,10,1,1
1457620222731,69.60442975694444,5,11,5,1,5,1,1
1457620226946,69.60447854166667,10,4,10,1,10,1,1
1457620315005,69.60549774305555,1,7,7,1,1,1,0
1457620370292,69.6061376388889,11,5,5,1,11,1,0
1457620374873,69.60619065972222,8,5,8,1,8,0,1
1457620381196,69.6062638425926,1,3,1,1,1,0,1
1457620383550,69.60629108796296,4,10,10,1,4,1,0
1457620483230,69.60744479166667,8,1,1,1,8,0,0
1457620498783,69.60762480324074,11,5,5,1,11,1,0
1457620510645,69.6077620949074,9,3,3,1,9,1,0
1457620529795,69.60798373842593,12,1,1,1,12,0,0
1457620547271,69.60818600694444,9,3,9,1,9,1,1
1457620579611,69.60856031249999,8,2,8,1,8,1,1
1457621413024,69.6182062962963,4,10,10,1,4,1,0
1457621486889,69.61906121527778,10,4,10,1,10,1,1
1457621487455,69.6190677662037,11,5,5,1,11,1,0
1457621489227,69.61908827546296,1,13,1,2,13,0,0
1457621492675,69.61912818287037,3,9,3,2,9,1,0
1457621499349,69.61920542824075,7,6,7,1,7,0,1
1457621667021,69.62114607638888,8,2,8,1,8,1,1
1457621724834,69.62181520833333,7,1,1,2,1,1,1
1457621730042,69.62187548611112,4,11,11,1,4,0,0
1457621801465,69.6227021412037,10,4,10,1,10,1,1
1457621808687,69.62278572916667,13,14,13,1,13,1,1
1457621898423,69.62382434027778,3,9,9,2,9,1,1
1457622057891,69.62567003472222,8,2,8,1,8,1,1
1457622111123,69.62628614583333,6,12,12,2,12,1,1
1457622157494,69.62682284722221,12,2,2,1,12,0,0
1457622228977,69.62765019675926,1,7,1,1,1,1,1
1457622256958,69.62797405092593,6,12,12,1,6,1,0
1457622330604,69.62882643518519,14,13,13,1,14,1,0
1457622411857,69.62976686342593,14,13,13,1,14,1,0
1457622481173,69.63056913194445,5,2,2,1,5,0,0
1457622485673,69.63062121527778,2,1,2,1,2,0,1
1457622565401,69.63154399305554,2,8,2,2,8,1,0
1457622640935,69.63241822916666,2,8,2,2,8,1,0
1457622721324,69.63334865740741,9,3,9,1,9,1,1
1457622935330,69.6358255787037,10,4,4,1,10,1,0
1457622995055,69.63651684027778,2,8,8,1,2,1,0
1457623066093,69.63733903935186,5,11,5,1,5,1,1
1457623069251,69.63737559027778,3,9,9,1,3,1,0
1457623140050,69.63819502314814,12,6,6,1,12,1,0
1457623146214,69.63826636574073,5,11,11,1,5,1,0
1457623205218,69.63894928240741,7,1,1,1,7,1,0
1457623212098,69.63902891203703,12,6,12,1,12,1,1
1457623280800,69.63982407407407,8,2,2,1,8,1,0
1457623332105,69.64041788194444,13,4,4,1,13,0,0
1457623336115,69.64046429398148,11,5,5,1,11,1,0
1457623340288,69.64051259259259,1,7,1,2,7,1,0
1457623658809,69.64419917824074,2,8,2,1,2,1,1
1457623731694,69.64504275462963,3,9,9,1,3,1,0
1457623744751,69.64519387731481,11,14,11,1,11,0,1
1457623866768,69.64660611111111,13,14,13,1,13,1,1
1457623874496,69.64669555555555,4,6,4,1,4,0,1
1457623880618,69.64676641203704,11,5,11,1,11,1,1
1457623929161,69.64732825231482,4,10,10,1,4,1,0
1457624038519,69.64859396990741,8,2,8,1,8,1,1
1457624088915,69.64917725694444,8,2,8,1,8,1,1
1457624177853,69.65020663194444,9,3,9,1,9,1,1
1457624423287,69.65304730324074,2,8,8,1,2,1,0
1457624428601,69.65310880787037,10,4,10,1,10,1,1
1457624778282,69.65715604166667,6,4,6,1,6,0,1
1457624827941,69.65773079861111,3,9,9,1,3,1,0
1457624964818,69.65931502314815,1,7,7,2,7,1,1
1457625588247,69.66653063657408,11,13,13,1,11,0,0
1457625590865,69.66656093750001,6,12,6,1,6,1,1
1457625597352,69.66663601851852,11,5,5,1,11,1,0
1457625780955,69.66876105324074,4,10,10,1,4,1,0
1457625806252,69.66905384259259,7,2,2,1,7,0,0
1457625808209,69.66907649305556,3,13,13,1,3,0,0
1457625815925,69.6691657986111,13,14,13,1,13,1,1
1457626099237,69.67244487268518,2,11,2,1,2,0,1
1457626127425,69.67277112268518,6,12,12,1,6,1,0
1457626134469,69.67285265046296,13,14,14,1,13,1,0
1457626136539,69.6728766087963,2,8,8,1,2,1,0
1457626200392,69.67361564814814,7,10,7,1,7,0,1
1457627022936,69.68313583333332,4,10,10,2,10,1,1
1457627071653,69.6836996875,13,6,6,1,13,0,0
1458905307158,84.47809210648148,5,6,6,1,5,0,0
1458905404727,84.47922137731481,14,13,14,2,13,1,0
1458905459900,84.47985995370371,11,6,6,1,11,0,0
1458905464306,84.47991094907407,4,9,4,1,4,0,1
1458905523407,84.48059498842592,12,6,12,1,12,1,1
1458905572540,84.48116365740741,6,12,6,1,6,1,1
1458905574815,84.48118998842592,13,14,13,1,13,1,1
1458906079155,84.48702725694444,10,9,10,1,10,0,1
1458906204255,84.4884751736111,10,4,4,1,10,1,0
1458906329584,84.48992574074074,14,13,13,1,14,1,0
1458906380455,84.49051452546297,14,13,13,1,14,1,0
1458906413268,84.49089430555556,4,10,4,2,10,1,0
1458906483056,84.49170203703703,3,14,3,1,3,0,1
1458906533097,84.49228121527779,6,12,6,1,6,1,1
1458906636842,84.4934819675926,3,9,9,1,3,1,0
1458906661330,84.49376539351852,5,11,11,2,11,1,1
1458906665647,84.4938153587963,8,2,8,2,2,1,0
1458906705209,84.49427325231481,3,9,9,2,9,1,1
1458906743982,84.49472201388889,8,2,8,2,2,1,0
1458906752352,84.49481888888889,10,5,5,1,10,0,0
1458906754647,84.49484545138888,1,7,7,1,1,1,0
1458906780931,84.49514966435186,9,7,9,2,7,0,0
1458906823835,84.49564623842592,7,9,9,1,7,0,0
1458906825872,84.49566981481482,6,12,6,1,6,1,1
1458906831964,84.49574032407408,1,8,1,1,1,0,1
1458906872524,84.49620976851853,2,8,8,2,8,1,1
1458906896385,84.4964859375,8,2,2,2,2,1,1
1458906920944,84.49677018518518,1,7,7,1,1,1,0
1458907000580,84.49769189814815,2,9,9,2,9,0,1
1458907051431,84.4982804513889,6,12,12,1,6,1,0
1458907205669,84.50006561342592,5,10,5,1,5,0,1
1458907207554,84.50008743055555,10,4,10,1,10,1,1
1458907344499,84.50167244212963,14,4,4,1,14,0,0
1458907349073,84.50172538194444,4,10,4,1,4,1,1
1458907355421,84.50179885416667,3,9,3,1,3,1,1
1458908528454,84.515375625,3,2,2,1,3,0,0
1458908530502,84.51539932870371,10,4,10,1,10,1,1
1458908688450,84.51722743055556,12,6,12,1,12,1,1
1458908752224,84.51796555555556,11,14,11,1,11,0,1
1458908944193,84.52018741898148,14,13,14,1,14,1,1
1458908957668,84.52034337962962,14,13,13,1,14,1,0
1458909144060,84.52250069444445,14,13,14,2,13,1,0
1458909237934,84.52358719907407,11,5,5,1,11,1,0
1458909321644,84.52455606481482,1,7,1,1,1,1,1
1458909681712,84.52872351851852,12,6,6,1,12,1,0
1458909742395,84.52942586805555,13,14,14,2,14,1,1
1458909842050,84.5305792824074,6,14,14,1,6,0,0
1458909854910,84.530728125,8,2,2,2,2,1,1
1458909952140,84.53185347222222,11,5,11,1,11,1,1
1458910242804,84.53521763888888,7,11,11,1,7,0,0
1458910291216,84.53577796296297,10,1,1,1,10,0,0
1458910301107,84.53589244212962,5,11,11,2,11,1,1
1458911037616,84.54441685185185,8,2,2,1,8,1,0
1458911041855,84.54446591435186,2,8,2,1,2,1,1
1458911153323,84.54575605324074,14,13,13,1,14,1,0
1458911211049,84.54642417824074,5,11,11,2,11,1,1
1458911365573,84.54821265046296,5,11,5,2,11,1,0
1458911404199,84.54865971064815,14,7,14,1,14,0,1
1458911715625,84.55226417824075,10,7,7,1,10,0,0
1458911732055,84.55245434027778,7,1,1,1,7,1,0
1458912003611,84.55559734953704,10,4,4,1,10,1,0
1458912164963,84.55746484953704,4,10,4,1,4,1,1
1458912166936,84.55748768518518,14,13,14,1,14,1,1
1458912253639,84.55849119212964,10,4,4,1,10,1,0
1458913559356,84.5736036574074,3,9,9,2,9,1,1
1458914263282,84.58175094907406,3,13,3,1,3,0,1
1458915174544,84.59229796296296,12,6,12,1,12,1,1
1458915442210,84.59539594907407,14,13,14,1,14,1,1
1458915479148,84.59582347222222,8,9,8,1,8,0,1
1458915485432,84.5958962037037,7,1,7,1,7,1,1
1458920083824,84.64911833333333,11,5,11,1,11,1,1
1458920086197,84.6491457986111,2,8,2,2,8,1,0
1458920106238,84.64937775462963,13,14,14,1,13,1,0
1458920177717,84.65020505787037,8,2,8,1,8,1,1
1458920182316,84.65025828703703,13,14,13,1,13,1,1
1458920210005,84.65057876157407,6,10,6,1,6,0,1
1458920267395,84.65124299768517,9,3,3,1,9,1,0
1458920315356,84.65179810185185,8,13,8,1,8,0,1
1458920570045,84.6547458912037,14,13,13,1,14,1,0
1458921312440,84.66333842592593,7,11,7,1,7,0,1
1458921473013,84.66519690972223,1,7,1,2,7,1,0
1458921858544,84.66965907407408,6,12,6,1,6,1,1
1458922604016,84.67828722222222,12,6,12,1,12,1,1
1458922605984,84.67831,10,4,4,1,10,1,0
1458922997000,84.68283564814814,13,14,13,1,13,1,1
1458923142665,84.68452158564814,10,12,10,1,10,0,1
1458923261826,84.6859007638889,10,4,10,1,10,1,1
1458923272346,84.68602252314815,4,10,10,2,10,1,1
1459506705116,91.43871662037037,1,7,1,1,1,1,1
1459506954881,91.44160741898148,12,6,12,1,12,1,1
1459507023259,91.44239883101851,14,6,6,1,14,0,0
1459507050987,91.44271975694444,13,14,13,2,14,1,0
1459507090550,91.44317766203703,13,14,14,1,13,1,0
1459507474420,91.44762060185185,2,8,8,2,8,1,1
1459507696899,91.45019559027779,4,10,10,2,10,1,1
1459507722825,91.45049565972222,2,8,2,2,8,1,0
1459507753753,91.45085362268517,3,7,7,1,3,0,0
1459507798737,91.45137427083333,5,11,5,1,5,1,1
1459507935496,91.45295712962964,13,14,14,1,13,1,0
1459507999184,91.45369425925927,6,5,6,1,6,0,1
1459508044357,91.4542170949074,14,13,13,1,14,1,0
1459508472920,91.45917731481481,1,7,1,1,1,1,1
1459508605325,91.4607097800926,6,12,6,2,12,1,0
1459508933991,91.46451378472223,3,9,3,2,9,1,0
1459509290010,91.468634375,13,14,14,1,13,1,0
1459509374693,91.46961450231481,3,9,9,2,9,1,1
1459509410306,91.47002668981482,13,14,14,1,13,1,0
1459510684792,91.4847776851852,4,3,4,1,4,0,1
1459510735799,91.48536804398148,3,9,9,2,9,1,1
1459510739965,91.48541626157407,10,4,4,1,10,1,0
1459510757803,91.48562271990741,4,10,4,1,4,1,1
1459510854757,91.4867448726852,1,7,1,1,1,1,1
1459510875388,91.48698365740741,3,5,5,1,3,0,0
1459510944910,91.48778831018518,5,11,5,1,5,1,1
1459510996058,91.48838030092593,1,9,1,1,1,0,1
1459511053848,91.48904916666667,8,12,12,1,8,0,0
1459511055830,91.48907210648149,2,4,2,1,2,0,1
1459511057833,91.48909528935185,2,8,8,1,2,1,0
1459511092088,91.48949175925927,8,1,1,1,8,0,0
1459511542397,91.49470366898149,13,4,4,1,13,0,0
1459512053312,91.50061703703703,2,1,2,1,2,0,1
1459512088637,91.50102589120371,11,5,11,1,11,1,1
1459512267352,91.50309435185186,3,9,9,1,3,1,0
1459512279542,91.50323543981482,7,1,1,2,1,1,1
1459512336492,91.50389458333333,8,2,8,1,8,1,1
1459512395076,91.50457263888889,14,8,14,1,14,0,1
1459512426288,91.50493388888889,9,8,9,1,9,0,1
1459512468669,91.50542440972222,6,12,6,2,12,1,0
1459512524217,91.50606732638889,7,1,7,1,7,1,1
1459512536728,91.50621212962963,14,13,13,2,13,1,1
1459512662593,91.50766890046296,14,10,14,1,14,0,1
1459512671120,91.5077675925926,9,3,9,2,3,1,0
1459512749602,91.50867594907407,1,7,7,2,7,1,1
1459512756872,91.5087600925926,9,3,9,1,9,1,1
1459513107660,91.51282013888888,3,9,3,2,9,1,0
1459513172524,91.51357087962963,13,14,14,1,13,1,0
1459513277653,91.51478765046296,7,1,7,1,7,1,1
1459513283981,91.5148608912037,3,4,4,1,3,0,0
1459513771726,91.52050608796296,10,4,4,1,10,1,0
1459514265448,91.52622046296297,9,3,3,1,9,1,0
1459515770851,91.5436441087963,11,5,5,1,11,1,0
1459515860906,91.54468641203704,4,10,10,1,4,1,0
1459516021803,91.54654864583334,13,10,10,1,13,0,0
1459516023743,91.54657109953703,1,7,1,2,7,1,0
1459516075171,91.54716633101852,10,4,10,1,10,1,1
1459516594830,91.55318090277778,14,13,13,1,14,1,0
1459516599352,91.55323324074074,12,14,14,1,12,0,0
1459516605665,91.55330630787037,7,1,1,1,7,1,0
1459516765754,91.55515918981482,6,12,6,1,6,1,1
1459517012676,91.55801708333334,10,4,4,1,10,1,0
1459517442742,91.56299469907407,14,13,13,2,13,1,1
1459517445025,91.56302112268519,6,12,12,2,12,1,1
1459517663980,91.56555532407408,3,9,9,2,9,1,1
1459517675117,91.56568422453704,2,8,8,1,2,1,0
1459518200450,91.5717644675926,9,2,9,1,9,0,1
1459518286354,91.57275872685186,4,10,4,1,4,1,1
1459518288597,91.5727846875,14,13,13,1,14,1,0
1459518851207,91.57929637731482,3,9,9,1,3,1,0
1459518897948,91.5798373611111,8,2,8,1,8,1,1
1459519243700,91.58383912037037,2,8,2,1,2,1,1
1459519336609,91.58491445601852,9,11,9,2,11,0,0
1459519942677,91.59192913194444,5,11,11,1,5,1,0
1459520058288,91.59326722222222,8,2,2,2,2,1,1
1459520071155,91.59341614583333,12,11,11,1,12,0,0
1459520083376,91.59355759259259,13,14,14,1,13,1,0
1459520134219,91.59414605324073,5,13,13,1,5,0,0
1459520415649,91.5974033449074,9,3,9,1,9,1,1
1459520422112,91.59747814814814,9,5,5,1,9,0,0
1459520714197,91.60085876157407,8,2,8,1,8,1,1
1459520811258,91.60198215277778,5,11,11,1,5,1,0
1459520857140,91.60251319444444,2,8,2,1,2,1,1
1459523503789,91.63314570601851,7,1,7,1,7,1,1
1459523563599,91.6338379513889,2,8,2,1,2,1,1
1459524602249,91.64585936342593,8,2,8,1,8,1,1
1459524636139,91.6462516087963,4,10,10,1,4,1,0
1459524681649,91.6467783449074,10,4,4,1,10,1,0
1459524751569,91.64758760416667,8,4,4,1,8,0,0
1459524814589,91.64831700231481,12,6,6,1,12,1,0
1459524816559,91.64833980324075,10,14,14,1,10,0,0
1459524821130,91.64839270833333,3,9,9,1,3,1,0
1459525017720,91.65066805555556,8,2,8,1,8,1,1
1459525029463,91.65080396990741,5,10,5,1,5,0,1
1459525112613,91.65176635416667,9,3,3,1,9,1,0
1459525709235,91.6586717013889,5,2,5,1,5,0,1
1459525851911,91.66032304398148,10,4,4,2,4,1,1
1459525854016,91.6603474074074,4,9,4,1,4,0,1
1459525990183,91.66192341435186,3,9,9,1,3,1,0
1459526188362,91.66421715277778,7,1,7,2,1,1,0
1459526288832,91.66538,3,9,3,2,9,1,0
1459526307207,91.66559267361112,7,9,7,1,7,0,1
1459526357543,91.6661752662037,4,5,4,1,4,0,1
1459526382394,91.66646289351853,2,8,2,1,2,1,1
1459526525942,91.6681243287037,2,9,2,1,2,0,1
1459526527930,91.66814733796296,1,7,7,1,1,1,0
1459526568450,91.66861631944445,5,6,5,1,5,0,1
1459526606624,91.66905814814815,7,2,7,1,7,0,1
1459527067680,91.67439444444445,4,10,4,1,4,1,1
1459527077785,91.67451140046296,13,11,11,1,13,0,0
1459527082387,91.67456466435185,6,12,12,1,6,1,0
1459527123739,91.67504327546297,10,14,14,1,10,0,0
1459527129588,91.67511097222223,8,2,2,2,2,1,1
1459527615352,91.68073324074074,4,10,4,1,4,1,1
1459527716578,91.68190483796296,11,5,5,2,5,1,1
1459527959853,91.68472052083334,4,2,4,1,4,0,1
1460111763167,98.44170332175925,5,11,11,2,11,1,1
1460111766870,98.44174618055554,2,9,9,1,2,0,0
1460112150846,98.44619034722223,13,14,14,1,13,1,0
1460112204370,98.44680983796296,4,14,4,2,14,0,0
1460112252792,98.44737027777776,9,3,9,1,9,1,1
1460112256889,98.44741769675926,6,12,6,1,6,1,1
1460112763666,98.45328317129629,8,9,8,1,8,0,1
1460112792510,98.45361701388889,5,11,11,2,11,1,1
1460112825083,98.45399401620371,3,9,9,1,3,1,0
1460112874943,98.45457109953703,2,8,2,1,2,1,1
1460113460203,98.46134494212963,5,11,11,2,11,1,1
1460113935273,98.4668434375,2,8,8,2,8,1,1
1460114008612,98.46769226851852,8,2,2,1,8,1,0
1460114012522,98.46773752314814,12,6,6,1,12,1,0
1460114169259,98.4695516087963,10,2,10,1,10,0,1
1460114175999,98.46962961805555,5,11,11,2,11,1,1
1460114189006,98.46978016203703,14,13,13,1,14,1,0
1460114585085,98.47436440972223,2,4,2,2,4,0,0
1460114669773,98.47534459490741,11,5,5,1,11,1,0
1460115489230,98.48482905092592,8,2,2,2,2,1,1
1460115690684,98.48716069444446,1,11,11,1,1,0,0
1460116181417,98.49284047453703,1,5,1,1,1,0,1
1460116801998,98.500023125,7,1,1,2,1,1,1
1460116871806,98.50083108796296,2,10,2,1,2,0,1
1460116903468,98.5011975462963,13,14,14,1,13,1,0
1460116919704,98.50138546296296,2,8,8,1,2,1,0
1460116923843,98.50143336805556,5,1,5,1,5,0,1
1460116974803,98.50202318287036,11,5,11,1,11,1,1
1460117731594,98.51078233796297,6,2,6,1,6,0,1
1460117795783,98.5115252662037,13,14,13,1,13,1,1
1460117843339,98.51207568287036,8,2,8,1,8,1,1
1460117868450,98.51236631944444,14,12,14,1,14,0,1
1460117873152,98.51242074074075,13,1,13,1,13,0,1
1460117931676,98.51309810185187,3,12,12,1,3,0,0
1460117984610,98.51371076388888,4,10,10,2,10,1,1
1460118001364,98.51390467592593,10,3,10,1,10,0,1
1460118099873,98.51504482638889,14,2,2,1,14,0,0
1460118363581,98.51809700231482,14,7,7,1,14,0,0
1460119330951,98.52929341435184,2,8,8,1,2,1,0
1460119339871,98.52939665509258,2,8,8,1,2,1,0
1460119415836,98.53027587962963,2,8,8,1,2,1,0
1460119547768,98.53180287037036,3,2,2,1,3,0,0
1460119623649,98.53268112268519,3,9,3,1,3,1,1
1460119633333,98.53279320601852,8,2,8,1,8,1,1
1460119868848,98.53551907407406,13,14,14,1,13,1,0
1460119883355,98.53568697916667,9,3,9,1,9,1,1
1460119963989,98.53662024305555,8,2,2,1,8,1,0
1460120117955,98.53840225694445,9,3,3,1,9,1,0
1460120125959,98.53849489583334,1,10,10,1,1,0,0
1460121023765,98.54888616898148,10,4,10,1,10,1,1
1460121492230,98.55430821759259,12,6,12,1,12,1,1
1460121582833,98.55535686342593,2,8,8,1,2,1,0
1460121612136,98.55569601851852,13,14,14,1,13,1,0
1460121935694,98.55944090277778,4,10,4,1,4,1,1
1460122307315,98.56374207175925,13,14,14,1,13,1,0
1460122416088,98.56500101851852,1,11,11,1,1,0,0
1460122463281,98.5655472337963,2,8,2,1,2,1,1
1460122718367,98.56849961805557,1,4,1,1,1,0,1
1460122794632,98.5693823148148,5,11,5,1,5,1,1
1460122802556,98.56947402777777,3,9,9,1,3,1,0
1460123106364,98.57299032407407,8,2,8,1,8,1,1
1460123130561,98.57327038194445,5,11,11,1,5,1,0
1460123359953,98.57592538194444,9,4,9,2,4,0,0
1460123376635,98.57611846064815,8,2,8,2,2,1,0
1460123531177,98.5779071412037,9,3,9,1,9,1,1
1460123744658,98.5803779861111,6,12,12,1,6,1,0
1460123813481,98.58117454861112,7,5,5,1,7,0,0
1460123875935,98.58189739583334,14,13,14,1,14,1,1
1460123886940,98.58202476851851,1,7,1,2,7,1,0
1460125066036,98.59567171296297,10,2,10,1,10,0,1
1460125184705,98.59704519675925,1,7,1,1,1,1,1
1460125191871,98.59712813657407,2,8,8,1,2,1,0
1460125194396,98.5971573611111,9,4,4,1,9,0,0
1460125617304,98.60205212962963,8,3,3,1,8,0,0
1460125626014,98.60215293981481,3,9,9,1,3,1,0
1460125634935,98.60225619212963,8,2,8,1,8,1,1
1460125638572,98.60229828703704,5,6,6,1,5,0,0
1460125647254,98.60239877314815,2,8,2,1,2,1,1
1460125802463,98.6041951736111,3,9,3,1,3,1,1
1460125805281,98.60422778935185,9,14,14,1,9,0,0
1460125812419,98.60431040509259,2,8,8,2,8,1,1
1460125816023,98.60435211805556,10,8,8,1,10,0,0
1460125823471,98.60443832175928,6,11,6,1,6,0,1
1460125825959,98.60446711805557,10,4,10,1,10,1,1
1460125841641,98.60464862268519,6,13,13,1,6,0,0
1460125849199,98.60473609953702,13,4,13,1,13,0,1
1460125851187,98.6047591087963,11,5,5,1,11,1,0
1460125868312,98.60495731481483,8,2,2,1,8,1,0
1460125889544,98.60520305555555,5,11,11,1,5,1,0
1460126224913,98.60908464120371,7,1,7,1,7,1,1
1460126393291,98.61103346064814,14,13,13,1,14,1,0
1460126435038,98.61151664351853,10,4,4,1,10,1,0
1460126454096,98.61173722222223,2,8,8,2,8,1,1
1460126518727,98.6124852662037,4,2,2,1,4,0,0
1460126590004,98.61331023148149,12,6,6,1,12,1,0
1460126700392,98.61458787037039,14,13,14,1,14,1,1
1460126710973,98.61471033564814,14,13,13,1,14,1,0
1460126717011,98.6147802199074,11,5,11,1,11,1,1
1460126728056,98.61490805555556,4,10,4,1,4,1,1
1460126875442,98.61661391203704,9,3,3,1,9,1,0
1460126878822,98.61665303240741,14,11,11,1,14,0,0
1460127120803,98.61945373842592,11,5,11,1,11,1,1
1460127126577,98.61952056712963,4,12,4,1,4,0,1
1460127144239,98.61972498842593,9,3,9,1,9,1,1
1460127228753,98.62070315972223,2,8,8,1,2,1,0
1460127242381,98.62086089120369,5,7,7,1,5,0,0
1460127257381,98.6210345023148,12,2,12,1,12,0,1
1460127821389,98.62756237268519,4,10,4,1,4,1,1
1460127823064,98.62758175925926,6,12,6,1,6,1,1
1460127828971,98.62765012731482,13,7,13,1,13,0,1
1460127869205,98.6281157986111,6,12,12,1,6,1,0
1460127912325,98.62861487268518,3,1,1,1,3,0,0
1460127917303,98.62867248842592,9,6,6,1,9,0,0
1460127921454,98.6287205324074,1,11,1,1,1,0,1
1460127995640,98.62957916666667,13,14,14,1,13,1,0
1460128008588,98.62972902777777,12,6,12,1,12,1,1
1460128024566,98.62991395833333,6,1,6,1,6,0,1
1460128028687,98.6299616550926,7,1,1,1,7,1,0
1460128033280,98.63001481481481,2,8,8,1,2,1,0
1460128043423,98.63013221064816,14,13,14,1,14,1,1
1460128048107,98.63018642361112,4,13,4,1,4,0,1
1460128072380,98.63046736111112,1,7,1,1,1,1,1
1460128074563,98.63049262731481,7,13,7,1,7,0,1
1460128079314,98.63054761574074,4,10,4,1,4,1,1
1460128132969,98.6311686226852,2,8,2,1,2,1,1
1460128148891,98.6313529050926,10,8,8,1,10,0,0
1460128150146,98.63136743055556,10,4,4,1,10,1,0
1460128170934,98.63160803240741,6,10,10,1,6,0,0
1460128272821,98.6327872800926,12,6,6,2,6,1,1
1460128277121,98.63283704861111,12,6,6,1,12,1,0
1460128607927,98.63666582175925,6,12,6,1,6,1,1
1460128675729,98.63745056712963,13,14,14,1,13,1,0
1460129005872,98.64127166666665,6,12,6,1,6,1,1
1460129025200,98.64149537037036,13,14,14,2,14,1,1
1460129094027,98.64229197916667,14,13,14,1,14,1,1
1460130261123,98.65580003472222,10,13,13,1,10,0,0
1462353705000,124.39010416666666,2,8,2,1,2,1,1
1462353774000,124.39090277777778,4,10,10,2,10,1,1
1462354172000,124.39550925925926,11,5,5,1,11,1,0
1462354183000,124.39563657407408,2,8,2,2,8,1,0
1462354193000,124.39575231481481,4,10,4,2,10,1,0
1462354273000,124.39667824074074,4,10,10,1,4,1,0
1462354515000,124.39947916666667,9,3,9,1,9,1,1
1462354544000,124.39981481481482,12,7,7,1,12,0,0
1462354806000,124.40284722222222,9,3,3,1,9,1,0
1462354842000,124.40326388888889,8,9,9,1,8,0,0
1462358431000,124.44480324074074,14,13,14,1,14,1,1
1462358447000,124.44498842592593,9,2,9,1,9,0,1
1462358463000,124.44517361111112,9,3,3,1,9,1,0
1462358465000,124.44519675925926,4,10,4,1,4,1,1
1462358489000,124.44547453703704,13,14,13,1,13,1,1
1462358547000,124.44614583333333,8,2,2,1,8,1,0
1462358609000,124.44686342592593,3,2,3,1,3,0,1
1462358681000,124.44769675925926,9,3,3,1,9,1,0
1462358685000,124.44774305555555,13,14,14,1,13,1,0
1462358700000,124.44791666666667,6,13,6,1,6,0,1
1462358729000,124.44825231481481,12,6,6,2,6,1,1
1462358872000,124.44990740740741,6,12,12,2,12,1,1
1462358917000,124.45042824074073,4,2,2,1,4,0,0
1462358952000,124.45083333333334,1,7,7,2,7,1,1
1462358960000,124.45092592592593,4,10,10,2,10,1,1
1462359168000,124.45333333333333,7,1,1,1,7,1,0
1462359191000,124.45359953703704,11,5,5,1,11,1,0
1462359304000,124.4549074074074,13,2,13,1,13,0,1
1462359310000,124.45497685185185,13,2,2,1,13,0,0
1462359372000,124.45569444444445,11,5,5,1,11,1,0
1462359432000,124.4563888888889,7,1,7,1,7,1,1
1462359559000,124.45785879629629,1,7,1,1,1,1,1
1462360363000,124.46716435185185,4,10,10,2,10,1,1
1462364763000,124.51809027777777,1,11,1,2,11,0,0
1462365060000,124.52152777777778,11,5,11,1,11,1,1
1462365065000,124.52158564814815,8,14,8,1,8,0,1
1462365161000,124.52269675925926,12,13,13,1,12,0,0
1462365360000,124.525,3,9,3,1,3,1,1
1462365363000,124.52503472222222,3,9,3,1,3,1,1
1462368753000,124.56427083333334,13,14,13,1,13,1,1
1462370518000,124.58469907407408,7,1,1,1,7,1,0
1462370525000,124.5847800925926,14,13,13,1,14,1,0
1462370645000,124.58616898148148,14,13,13,1,14,1,0
1462370659000,124.58633101851852,4,10,4,2,10,1,0
1462370664000,124.58638888888889,8,2,2,1,8,1,0
1462370718000,124.58701388888889,13,14,14,1,13,1,0
1462370914000,124.58928240740741,4,13,13,2,13,0,1
1462371297000,124.59371527777778,12,6,6,1,12,1,0
1462371350000,124.59432870370371,10,14,14,1,10,0,0
1462371362000,124.5944675925926,6,12,6,1,6,1,1
1462371421000,124.59515046296296,12,11,11,1,12,0,0
1462371447000,124.59545138888889,9,3,9,1,9,1,1
1462371496000,124.59601851851852,5,2,2,1,5,0,0
1462371503000,124.59609953703703,13,14,14,1,13,1,0
1462371509000,124.59616898148148,12,6,12,1,12,1,1
1462372502000,124.60766203703703,3,1,3,1,3,0,1
1462374348000,124.62902777777778,1,7,7,1,1,1,0
1462374518000,124.63099537037037,4,10,4,1,4,1,1
1462374882000,124.63520833333334,4,10,10,1,4,1,0
1462374889000,124.63528935185185,8,9,8,1,8,0,1
1462376109000,124.64940972222222,3,9,9,1,3,1,0
1462377128000,124.6612037037037,10,1,10,1,10,0,1
1462378924000,124.68199074074074,5,11,5,1,5,1,1
1462442935000,125.4228587962963,2,8,2,1,2,1,1
1462443143000,125.4252662037037,4,10,4,2,10,1,0
1462443259000,125.42660879629629,6,12,12,1,6,1,0
1462443292000,125.42699074074073,3,9,3,1,3,1,1
1462443536000,125.42981481481482,10,4,10,1,10,1,1
1462443633000,125.4309375,12,6,12,1,12,1,1
1462444274000,125.43835648148148,14,12,12,1,14,0,0
1462444299000,125.43864583333334,6,12,12,1,6,1,0
1462444304000,125.43870370370371,3,2,3,1,3,0,1
1462444400000,125.43981481481481,5,6,5,1,5,0,1
1462444457000,125.44047453703703,12,6,6,1,12,1,0
1462444618000,125.44233796296297,12,11,12,1,12,0,1
1462444640000,125.44259259259259,8,2,2,1,8,1,0
1462444725000,125.44357638888889,9,3,3,1,9,1,0
1462444731000,125.44364583333333,8,2,2,1,8,1,0
1462444790000,125.4443287037037,6,14,6,2,14,0,0
1462444844000,125.4449537037037,11,14,14,1,11,0,0
1462445030000,125.44710648148148,14,13,14,1,14,1,1
1462448117000,125.48283564814815,11,5,11,2,5,1,0
1462449704000,125.50120370370371,4,10,10,1,4,1,0
1462449883000,125.50327546296296,11,5,11,1,11,1,1
1462451208000,125.51861111111111,7,10,10,1,7,0,0
1462453307000,125.54290509259259,11,5,11,1,11,1,1
1462453718000,125.54766203703704,11,5,5,1,11,1,0
1462455942000,125.57340277777777,6,12,6,1,6,1,1
1462456997000,125.58561342592593,12,6,6,1,12,1,0
1462457160000,125.5875,13,14,13,1,13,1,1
1462457216000,125.58814814814815,11,5,5,2,5,1,1
1462457285000,125.58894675925926,13,14,14,1,13,1,0
1462457292000,125.58902777777777,6,12,12,2,12,1,1
1462457469000,125.5910763888889,14,13,13,1,14,1,0
1462457848000,125.59546296296297,4,10,4,1,4,1,1
1462458898000,125.60761574074074,12,6,6,1,12,1,0
1462459159000,125.61063657407408,4,10,4,1,4,1,1
1462459177000,125.61084490740741,1,7,1,1,1,1,1
1462461141000,125.63357638888888,13,8,13,1,13,0,1
1464170749000,145.42070601851853,4,10,10,1,4,1,0
1464170785000,145.4211226851852,4,8,8,2,8,0,1
1464170926000,145.42275462962962,11,5,11,1,11,1,1
1464170987000,145.42346064814814,13,14,14,1,13,1,0
1464171116000,145.4249537037037,10,4,10,1,10,1,1
1464171228000,145.42625,4,10,10,1,4,1,0
1464171632000,145.43092592592592,7,1,7,1,7,1,1
1464171717000,145.43190972222223,9,3,3,1,9,1,0
1464172937000,145.4460300925926,11,14,11,1,11,0,1
1464173127000,145.44822916666666,3,9,9,2,9,1,1
1464174139000,145.45994212962964,12,6,12,2,6,1,0
1464174179000,145.4604050925926,9,3,3,1,9,1,0
1464174474000,145.46381944444445,14,6,6,1,14,0,0
1464175320000,145.4736111111111,8,12,8,1,8,0,1
1464175377000,145.47427083333332,9,3,9,1,9,1,1
1464175379000,145.47429398148148,5,11,11,1,5,1,0
1464175951000,145.48091435185185,7,1,1,1,7,1,0
1464176248000,145.48435185185184,13,6,13,1,13,0,1
1464176253000,145.4844097222222,5,11,5,1,5,1,1
1464176406000,145.48618055555556,7,1,7,1,7,1,1
1464176546000,145.48780092592594,8,2,8,1,8,1,1
1464177468000,145.49847222222223,7,10,10,1,7,0,0
1464177475000,145.49855324074073,13,14,13,1,13,1,1
1464177583000,145.49980324074073,11,5,11,1,11,1,1
1464185305000,145.58917824074075,8,2,8,1,8,1,1
1464185424000,145.59055555555557,6,10,10,1,6,0,0
1464186283000,145.6004976851852,3,9,3,1,3,1,1
1464187201000,145.6111226851852,12,6,12,2,6,1,0
1464188763000,145.6292013888889,13,14,13,1,13,1,1
1464188808000,145.62972222222223,5,8,5,2,8,0,0
1464189846000,145.6417361111111,6,12,6,1,6,1,1
1464190136000,145.6450925925926,1,7,1,1,1,1,1
1464190220000,145.64606481481482,3,8,3,1,3,0,1
1464190351000,145.6475810185185,14,10,14,1,14,0,1
1464190844000,145.65328703703705,5,11,11,1,5,1,0
1464190912000,145.65407407407406,4,10,10,2,10,1,1
1464191147000,145.65679398148148,9,3,9,1,9,1,1
1464191343000,145.6590625,4,10,4,1,4,1,1
1464191638000,145.66247685185186,4,10,10,1,4,1,0
1464254813000,146.39366898148148,4,10,4,1,4,1,1
1464254817000,146.39371527777777,6,5,6,1,6,0,1
1464254844000,146.39402777777778,11,5,11,1,11,1,1
1464254902000,146.39469907407408,13,14,13,1,13,1,1
1464254908000,146.39476851851853,14,5,14,2,5,0,0
1464255030000,146.39618055555556,10,7,7,1,10,0,0
1464255036000,146.39625,10,12,10,1,10,0,1
1464255074000,146.3966898148148,8,2,8,1,8,1,1
1464255122000,146.39724537037037,12,6,12,1,12,1,1
1464255205000,146.39820601851852,12,6,6,2,6,1,1
1464255370000,146.40011574074074,7,1,1,1,7,1,0
1464255470000,146.40127314814814,7,1,7,1,7,1,1
1464255535000,146.40202546296297,2,1,1,1,2,0,0
1464256623000,146.41461805555556,5,1,5,1,5,0,1
1464256743000,146.41600694444443,8,2,2,1,8,1,0
1464259045000,146.44265046296297,4,14,4,1,4,0,1
1464259204000,146.44449074074075,14,13,13,2,13,1,1
1464259274000,146.44530092592592,14,9,14,1,14,0,1
1464259429000,146.4470949074074,5,11,5,1,5,1,1
1464259571000,146.44873842592594,10,4,4,1,10,1,0
1464266284000,146.5264351851852,9,3,9,2,3,1,0
1464273644000,146.61162037037036,3,9,9,1,3,1,0
1464273714000,146.61243055555556,5,11,11,1,5,1,0
1464274183000,146.6178587962963,3,9,3,1,3,1,1
1464274194000,146.61798611111112,1,7,7,1,1,1,0
1464275371000,146.6316087962963,3,9,3,1,3,1,1
1465469067000,160.44753472222223,5,11,11,2,11,1,1
1465469114000,160.44807870370371,1,7,7,2,7,1,1
1465469318000,160.4504398148148,13,14,14,2,14,1,1
1465469416000,160.45157407407407,1,7,1,1,1,1,1
1465469455000,160.45202546296295,9,2,9,1,9,0,1
1465469584000,160.4535185185185,4,10,10,1,4,1,0
1465469946000,160.45770833333333,9,3,3,1,9,1,0
1465470125000,160.45978009259258,2,8,2,1,2,1,1
1465470135000,160.45989583333332,4,11,4,1,4,0,1
1465470140000,160.4599537037037,11,6,11,1,11,0,1
1465470485000,160.46394675925927,9,3,9,1,9,1,1
1465470581000,160.46505787037037,6,12,6,1,6,1,1
1465470599000,160.4652662037037,10,4,10,1,10,1,1
1465470605000,160.46533564814814,12,4,4,1,12,0,0
1465470639000,160.46572916666668,6,8,8,1,6,0,0
1465470705000,160.46649305555556,12,6,6,1,12,1,0
1465470747000,160.46697916666668,10,7,7,1,10,0,0
1465470788000,160.4674537037037,10,4,10,2,4,1,0
1465470794000,160.46752314814816,2,8,8,2,8,1,1
1465470881000,160.4685300925926,3,9,3,1,3,1,1
1465470893000,160.46866898148147,6,12,6,2,12,1,0
1465470910000,160.46886574074074,8,2,8,2,2,1,0
1465470939000,160.46920138888888,6,10,6,1,6,0,1
1465471052000,160.47050925925927,3,9,9,1,3,1,0
1465473618000,160.50020833333335,5,11,11,1,5,1,0
1465473769000,160.5019560185185,10,4,4,1,10,1,0
1465474158000,160.50645833333334,11,5,11,2,5,1,0
1465475025000,160.51649305555554,13,14,13,1,13,1,1
1465475154000,160.5179861111111,11,7,11,1,11,0,1
1465475280000,160.51944444444445,14,13,13,1,14,1,0
1465475334000,160.52006944444443,13,14,13,1,13,1,1
1465475522000,160.52224537037037,2,4,2,1,2,0,1
1465480415000,160.5788773148148,10,14,10,1,10,0,1
1465482091000,160.59827546296296,13,14,13,1,13,1,1
1465482201000,160.59954861111112,1,7,7,1,1,1,0
1465482350000,160.60127314814815,14,10,10,1,14,0,0
1465482756000,160.60597222222222,5,11,5,2,11,1,0
1465482834000,160.606875,6,12,6,1,6,1,1
1465482915000,160.6078125,10,4,4,1,10,1,0
1465482921000,160.60788194444444,6,10,10,1,6,0,0
1465482999000,160.60878472222223,8,2,2,2,2,1,1
1465483419000,160.61364583333332,1,7,7,1,1,1,0
1465483684000,160.61671296296296,7,1,1,1,7,1,0
1465485061000,160.63265046296297,6,12,6,2,12,1,0
1465485132000,160.63347222222222,7,2,7,1,7,0,1
1465485137000,160.6335300925926,5,1,1,1,5,0,0
1465550877000,161.39440972222224,1,7,1,1,1,1,1
1465550937000,161.39510416666667,14,13,14,1,14,1,1
1465550962000,161.39539351851852,5,11,5,1,5,1,1
1465550967000,161.3954513888889,3,8,3,1,3,0,1
1465551037000,161.39626157407406,12,6,6,2,6,1,1
1465551086000,161.3968287037037,5,2,5,1,5,0,1
1465551143000,161.39748842592593,8,2,8,2,2,1,0
1465551154000,161.39761574074075,1,7,1,1,1,1,1
1465551157000,161.39765046296296,10,9,10,1,10,0,1
1465551172000,161.39782407407407,10,4,4,1,10,1,0
1465551303000,161.39934027777778,4,7,7,1,4,0,0
1465551316000,161.39949074074073,5,11,11,1,5,1,0
1465551319000,161.39952546296297,4,3,3,1,4,0,0
1465551375000,161.40017361111111,9,3,9,1,9,1,1
1465551404000,161.40050925925925,10,1,10,1,10,0,1
1465551421000,161.40070601851852,13,14,13,1,13,1,1
1465551431000,161.40082175925926,11,5,5,1,11,1,0
1465551467000,161.40123842592592,4,12,4,1,4,0,1
1465551613000,161.40292824074075,14,13,13,1,14,1,0
1465551657000,161.4034375,11,5,11,1,11,1,1
1465551685000,161.40376157407408,4,9,9,1,4,0,0
1465551744000,161.40444444444444,11,5,5,1,11,1,0
1465551757000,161.40459490740741,2,8,2,1,2,1,1
1465551811000,161.4052199074074,12,6,12,1,12,1,1
1465551814000,161.40525462962964,12,10,10,1,12,0,0
1465551956000,161.40689814814814,12,6,6,1,12,1,0
1465552009000,161.40751157407408,8,2,8,1,8,1,1
1465552037000,161.40783564814814,7,1,1,1,7,1,0
1465552051000,161.4079976851852,7,1,1,1,7,1,0
1465552357000,161.41153935185184,7,1,1,2,1,1,1
1465552995000,161.4189236111111,8,2,8,1,8,1,1
1465553198000,161.42127314814815,12,11,12,1,12,0,1
1465553200000,161.4212962962963,1,7,7,1,1,1,0
1465553794000,161.42817129629628,4,10,4,1,4,1,1
1465553799000,161.42822916666665,3,11,11,1,3,0,0
1465553804000,161.42828703703702,3,9,9,1,3,1,0
1465553878000,161.42914351851852,5,11,11,1,5,1,0
1465554439000,161.43563657407407,3,9,3,1,3,1,1
1465555525000,161.4482060185185,12,6,6,2,6,1,1
1465555667000,161.44984953703704,4,1,1,1,4,0,0
1465555751000,161.45082175925927,10,4,4,1,10,1,0
1465555757000,161.4508912037037,6,12,6,1,6,1,1
1465555835000,161.45179398148147,10,11,11,1,10,0,0
1465555851000,161.45197916666666,10,4,4,2,4,1,1
1465555924000,161.45282407407407,12,10,10,1,12,0,0
1465556171000,161.45568287037037,11,5,11,1,11,1,1
1465556212000,161.4561574074074,9,10,10,2,10,0,1
1465556440000,161.4587962962963,10,4,10,1,10,1,1
1465556511000,161.45961805555555,2,8,8,1,2,1,0
1465557785000,161.47436342592593,9,3,9,1,9,1,1
1465558036000,161.4772685185185,5,11,5,1,5,1,1
1465558071000,161.4776736111111,7,1,1,1,7,1,0
1465558212000,161.47930555555556,3,9,3,1,3,1,1
1465558477000,161.4823726851852,7,1,7,2,1,1,0
1465561578000,161.5182638888889,11,2,11,1,11,0,1
1465564941000,161.5571875,6,12,12,1,6,1,0
1465565092000,161.5589351851852,5,11,11,1,5,1,0
1465565580000,161.56458333333333,3,9,3,1,3,1,1
1465565870000,161.56793981481482,10,4,10,1,10,1,1
1465566085000,161.57042824074074,10,4,4,1,10,1,0
1465566553000,161.5758449074074,13,14,13,1,13,1,1
1465567579000,161.5877199074074,14,5,5,1,14,0,0
1469699413000,209.40987268518518,2,9,2,1,2,0,1
1469699557000,209.41153935185184,10,4,4,2,4,1,1
1469699567000,209.41165509259258,12,6,6,2,6,1,1
1469699678000,209.41293981481482,9,3,3,2,3,1,1
1469699803000,209.4143865740741,4,10,10,2,10,1,1
1469699847000,209.41489583333333,6,12,12,2,12,1,1
1469699947000,209.41605324074075,8,2,8,1,8,1,1
1469700043000,209.41716435185185,12,2,12,1,12,0,1
1469700404000,209.4213425925926,11,3,11,1,11,0,1
1469700415000,209.4214699074074,12,6,6,2,6,1,1
1469700480000,209.42222222222222,6,12,6,1,6,1,1
1469700515000,209.4226273148148,13,14,13,1,13,1,1
1469700686000,209.42460648148148,1,6,6,1,1,0,0
1469700702000,209.42479166666666,13,14,13,1,13,1,1
1469700908000,209.42717592592592,1,7,1,2,7,1,0
1469711953000,209.5550115740741,4,1,1,1,4,0,0
1469712034000,209.55594907407408,11,5,11,1,11,1,1
1469712039000,209.55600694444445,11,5,5,1,11,1,0
1469713320000,209.57083333333333,10,4,10,1,10,1,1
1469713415000,209.57193287037038,9,3,9,2,3,1,0
1469713464000,209.5725,9,8,9,1,9,0,1
1469713605000,209.57413194444445,8,2,2,1,8,1,0
1469713616000,209.57425925925926,1,7,1,2,7,1,0
1469713666000,209.57483796296296,14,13,13,1,14,1,0
1469713681000,209.57501157407407,14,13,13,1,14,1,0
1469713700000,209.5752314814815,14,8,14,1,14,0,1
1469714252000,209.58162037037036,7,1,7,1,7,1,1
1469714458000,209.58400462962962,12,13,13,1,12,0,0
1469714589000,209.58552083333333,13,9,9,1,13,0,0
1469714633000,209.58603009259258,8,6,6,1,8,0,0
1469716432000,209.60685185185184,14,13,13,1,14,1,0
1469716448000,209.60703703703703,13,14,13,1,13,1,1
1469716622000,209.6090509259259,12,8,12,1,12,0,1
1469716633000,209.60917824074073,8,2,8,2,2,1,0
1469716714000,209.61011574074075,12,6,6,1,12,1,0
1469718399000,209.62961805555557,8,2,2,1,8,1,0
1469718421000,209.62987268518518,7,1,7,1,7,1,1
1469721078000,209.660625,6,12,12,2,12,1,1
1469721107000,209.66096064814815,4,10,10,2,10,1,1
1469721332000,209.6635648148148,7,10,7,1,7,0,1
1469721446000,209.66488425925925,5,11,11,1,5,1,0
1469721525000,209.66579861111111,12,11,11,1,12,0,0
1469721559000,209.66619212962962,14,13,13,1,14,1,0
1469721837000,209.6694097222222,9,3,3,1,9,1,0
1469722981000,209.68265046296295,6,12,12,2,12,1,1
1469723032000,209.68324074074073,5,14,5,1,5,0,1
1469723037000,209.6832986111111,5,12,5,1,5,0,1
1469723071000,209.68369212962963,14,13,14,1,14,1,1
1469723116000,209.68421296296296,3,11,11,1,3,0,0
1469723201000,209.68519675925927,5,11,11,1,5,1,0
1469786098000,210.4131712962963,6,12,12,2,12,1,1
1469786143000,210.41369212962962,2,8,2,2,8,1,0
1469786154000,210.41381944444444,4,11,11,2,11,0,1
1469786323000,210.41577546296296,1,7,1,1,1,1,1
1469786596000,210.41893518518518,13,14,14,2,14,1,1
1469786761000,210.4208449074074,6,11,6,2,11,0,0
1469786784000,210.42111111111112,4,10,10,2,10,1,1
1469786789000,210.4211689814815,2,8,8,1,2,1,0
1469786926000,210.42275462962962,9,3,9,1,9,1,1
1469788651000,210.4427199074074,6,3,3,1,6,0,0
1469788714000,210.44344907407407,9,3,9,1,9,1,1
1469788879000,210.4453587962963,6,12,6,1,6,1,1
1469788929000,210.4459375,13,12,12,1,13,0,0
1469788958000,210.44627314814815,14,13,13,1,14,1,0
1469789066000,210.44752314814815,2,8,8,2,8,1,1
1469789462000,210.45210648148148,5,11,11,2,11,1,1
1469789497000,210.45251157407407,5,11,5,1,5,1,1
1469790148000,210.4600462962963,13,14,14,2,14,1,1
1469790170000,210.46030092592594,3,9,3,2,9,1,0
1469790219000,210.46086805555555,1,5,1,1,1,0,1
1469790303000,210.46184027777778,13,5,13,1,13,0,1
1469790352000,210.4624074074074,5,11,5,1,5,1,1
1469790378000,210.46270833333332,10,4,4,1,10,1,0
1469791308000,210.47347222222223,14,13,14,1,14,1,1
1469791329000,210.47371527777779,6,7,6,1,6,0,1
1469791470000,210.4753472222222,3,9,3,2,9,1,0
1469791522000,210.47594907407407,9,5,5,1,9,0,0
1469791593000,210.47677083333335,5,11,5,1,5,1,1
1469791848000,210.47972222222222,5,11,11,2,11,1,1
1469791858000,210.47983796296296,12,6,6,2,6,1,1
1469792246000,210.4843287037037,2,12,12,2,12,0,1
1469792258000,210.48446759259258,11,10,11,1,11,0,1
1469802990000,210.60868055555557,7,1,1,1,7,1,0
1469803097000,210.60991898148148,11,5,5,2,5,1,1
1469803236000,210.61152777777778,6,1,6,1,6,0,1
1469803277000,210.61200231481482,1,7,7,2,7,1,1
1469803295000,210.61221064814814,12,6,6,2,6,1,1
1469803368000,210.61305555555555,12,6,12,1,12,1,1
1469803388000,210.61328703703703,12,2,2,1,12,0,0
1469803418000,210.61363425925927,8,11,8,1,8,0,1
1469803495000,210.61452546296297,6,12,12,1,6,1,0
1469803510000,210.61469907407408,3,9,3,2,9,1,0
1469803542000,210.61506944444446,10,4,4,1,10,1,0
1469803547000,210.61512731481483,9,5,5,2,5,0,1
1469803676000,210.61662037037038,7,9,7,1,7,0,1
1469803808000,210.61814814814815,14,13,14,1,14,1,1
1469804102000,210.62155092592593,4,6,4,1,4,0,1
1469804198000,210.62266203703703,13,14,13,1,13,1,1
1469804234000,210.6230787037037,5,2,2,1,5,0,0
1469804238000,210.623125,11,5,5,2,5,1,1
1469805859000,210.64188657407408,5,11,11,2,11,1,1
1469805892000,210.6422685185185,8,2,2,2,2,1,1
1469805906000,210.64243055555556,10,1,1,1,10,0,0
1469805928000,210.64268518518517,2,8,8,2,8,1,1
1470307280000,216.44537037037037,1,11,1,1,1,0,1
1470308118000,216.45506944444443,11,5,5,2,5,1,1
1470308200000,216.4560185185185,2,9,2,1,2,0,1
1470308213000,216.45616898148148,11,5,5,1,11,1,0
1470308234000,216.45641203703704,4,10,4,2,10,1,0
1470308366000,216.4579398148148,10,4,4,1,10,1,0
1470308428000,216.4586574074074,3,9,3,2,9,1,0
1470308837000,216.4633912037037,1,7,1,2,7,1,0
1470308897000,216.46408564814814,7,2,7,1,7,0,1
1470309122000,216.46668981481483,13,14,13,1,13,1,1
1470310466000,216.48224537037038,4,10,10,2,10,1,1
1470310505000,216.48269675925926,1,7,1,2,7,1,0
1470310548000,216.48319444444445,1,7,7,2,7,1,1
1470310553000,216.48325231481482,13,1,1,1,13,0,0
1470310807000,216.48619212962964,11,5,11,1,11,1,1
1470310958000,216.4879398148148,1,7,7,2,7,1,1
1470311142000,216.49006944444446,14,13,14,2,13,1,0
1470311264000,216.4914814814815,7,1,1,1,7,1,0
1470312783000,216.5090625,9,3,9,1,9,1,1
1470312852000,216.50986111111112,14,13,14,2,13,1,0
1470312962000,216.51113425925925,1,7,7,2,7,1,1
1470316400000,216.55092592592592,12,6,12,2,6,1,0
1470316500000,216.55208333333334,5,11,5,2,11,1,0
1470316569000,216.55288194444444,12,6,6,2,6,1,1
1470316652000,216.5538425925926,11,7,7,1,11,0,0
1470316784000,216.55537037037038,3,9,9,2,9,1,1
1470317058000,216.55854166666666,11,5,5,2,5,1,1
1470317482000,216.56344907407407,5,11,5,1,5,1,1
1470320592000,216.59944444444446,4,1,4,1,4,0,1
1470320791000,216.6017476851852,3,9,3,1,3,1,1
1470320962000,216.60372685185186,6,12,12,1,6,1,0
1470321675000,216.61197916666666,5,8,5,1,5,0,1
1470323178000,216.629375,13,14,14,1,13,1,0
1470323327000,216.63109953703704,8,4,8,1,8,0,1
1470323438000,216.63238425925925,11,5,5,1,11,1,0
1470323475000,216.6328125,4,10,4,2,10,1,0
1470323662000,216.63497685185186,4,10,4,1,4,1,1
1470323767000,216.63619212962962,13,14,14,1,13,1,0
1470323773000,216.63626157407407,11,5,11,1,11,1,1
1470326805000,216.67135416666667,11,1,1,1,11,0,0
1470326808000,216.67138888888888,6,12,12,2,12,1,1
1470326937000,216.67288194444444,5,3,5,1,5,0,1
1470327026000,216.67391203703704,3,9,3,2,9,1,0
1470327051000,216.6742013888889,14,13,13,2,13,1,1
1470327153000,216.67538194444444,10,12,12,1,10,0,0
1470327172000,216.67560185185187,7,1,1,2,1,1,1
1470327268000,216.67671296296297,9,3,9,1,9,1,1
1470328195000,216.68744212962963,14,13,14,2,13,1,0
1470328422000,216.69006944444445,3,9,3,1,3,1,1
1470330191000,216.7105439814815,6,12,12,2,12,1,1
1470330207000,216.71072916666665,6,9,9,2,9,0,1
1470330295000,216.71174768518517,9,3,9,1,9,1,1
1470330519000,216.71434027777778,3,9,3,1,3,1,1
1470332236000,216.73421296296297,3,4,4,2,4,0,1
1470332248000,216.73435185185184,14,13,14,1,14,1,1
1470332262000,216.7345138888889,12,6,6,2,6,1,1
1470332408000,216.7362037037037,7,10,10,1,7,0,0
1470385168000,217.34685185185185,10,4,4,2,4,1,1
1470386122000,217.35789351851852,9,3,9,1,9,1,1
1470386303000,217.35998842592593,9,7,7,1,9,0,0
1470386542000,217.36275462962962,11,5,5,2,5,1,1
1470386557000,217.36292824074073,10,4,4,1,10,1,0
1470386569000,217.36306712962963,14,2,14,1,14,0,1
1470394175000,217.45109953703704,12,6,6,2,6,1,1
1470398848000,217.50518518518518,8,13,13,1,8,0,0
1470407100000,217.60069444444446,8,10,10,1,8,0,0
1470410018000,217.63446759259259,7,1,7,2,1,1,0
1470410143000,217.63591435185185,13,3,13,1,13,0,1
1470410207000,217.6366550925926,8,2,2,1,8,1,0
1470410222000,217.6368287037037,11,5,11,1,11,1,1
1470410372000,217.63856481481483,8,9,8,1,8,0,1
1470410443000,217.63938657407408,3,1,1,1,3,0,0
1470410511000,217.64017361111112,2,8,8,1,2,1,0
1470410999000,217.64582175925926,9,3,9,1,9,1,1
1470411206000,217.6482175925926,6,13,6,2,13,0,0
1470412598000,217.66432870370372,7,14,7,1,7,0,1
1470412631000,217.66471064814814,13,14,13,1,13,1,1
1470909052000,223.41032407407408,12,6,6,1,12,1,0
1470909108000,223.41097222222223,13,7,7,2,7,0,1
1470909126000,223.41118055555555,12,6,12,1,12,1,1
1470909171000,223.4117013888889,10,5,5,1,10,0,0
1470909180000,223.41180555555556,13,14,13,2,14,1,0
1470909216000,223.41222222222223,4,1,4,1,4,0,1
1470909247000,223.41258101851852,3,9,9,2,9,1,1
1470909281000,223.41297453703703,12,6,6,2,6,1,1
1470909349000,223.41376157407407,4,8,4,2,8,0,0
1470909358000,223.41386574074073,3,9,3,1,3,1,1
1470909490000,223.41539351851853,5,11,11,2,11,1,1
1470909611000,223.41679398148148,13,14,13,1,13,1,1
1470909639000,223.41711805555556,5,9,9,1,5,0,0
1470909737000,223.41825231481482,10,4,10,1,10,1,1
1470909745000,223.4183449074074,2,8,2,1,2,1,1
1470909748000,223.41837962962964,6,2,2,2,2,0,1
1470909763000,223.41855324074075,8,3,8,1,8,0,1
1470909840000,223.41944444444445,9,3,3,1,9,1,0
1470910064000,223.42203703703703,14,11,14,1,14,0,1
1470910160000,223.42314814814816,1,2,1,1,1,0,1
1470912268000,223.4475462962963,11,5,5,2,5,1,1
1470912271000,223.44758101851852,14,12,12,1,14,0,0
1470912315000,223.44809027777777,6,12,6,1,6,1,1
1470912331000,223.44827546296295,1,2,1,1,1,0,1
1470912336000,223.44833333333332,14,13,13,2,13,1,1
1470912434000,223.44946759259258,12,6,6,2,6,1,1
1470912440000,223.44953703703703,9,3,9,1,9,1,1
1470912508000,223.45032407407408,12,6,6,2,6,1,1
1470912597000,223.45135416666668,11,5,11,1,11,1,1
1470912849000,223.45427083333334,2,8,8,2,8,1,1
1470912887000,223.45471064814814,12,6,12,1,12,1,1
1470913027000,223.4563310185185,1,7,7,2,7,1,1
1470913030000,223.45636574074075,4,10,10,2,10,1,1
1470913082000,223.4569675925926,3,1,1,1,3,0,0
1470917147000,223.5040162037037,13,8,8,2,8,0,1
1470917152000,223.50407407407408,2,8,8,2,8,1,1
1470917472000,223.5077777777778,6,12,12,2,12,1,1
1470918934000,223.52469907407408,3,9,9,2,9,1,1
1470919407000,223.5301736111111,4,10,10,2,10,1,1
1470919481000,223.5310300925926,8,2,8,1,8,1,1
1470919505000,223.53130787037037,5,7,7,1,5,0,0
1470919554000,223.531875,6,12,6,1,6,1,1
1470919687000,223.53341435185186,7,3,3,1,7,0,0
1470919995000,223.53697916666667,14,13,14,2,13,1,0
1470920083000,223.5379976851852,9,12,9,1,9,0,1
1470920461000,223.54237268518517,3,9,9,1,3,1,0
1470920463000,223.54239583333333,5,3,3,1,5,0,0
1470920470000,223.54247685185186,1,7,1,2,7,1,0
1470920487000,223.5426736111111,5,1,1,1,5,0,0
1470921249000,223.55149305555557,8,2,2,2,2,1,1
1470921261000,223.55163194444444,8,2,2,2,2,1,1
1470921399000,223.55322916666665,6,12,12,2,12,1,1
1470921526000,223.55469907407408,8,12,12,1,8,0,0
1470921543000,223.55489583333335,7,5,5,1,7,0,0
1470921629000,223.5558912037037,14,13,13,2,13,1,1
1470922224000,223.56277777777777,5,1,1,1,5,0,0
1470922332000,223.56402777777777,2,11,2,1,2,0,1
1470922336000,223.56407407407409,14,13,13,2,13,1,1
1470922898000,223.57057870370372,4,10,4,2,10,1,0
1470922906000,223.5706712962963,14,13,14,2,13,1,0
1470923083000,223.57271990740742,13,11,11,1,13,0,0
1470923167000,223.57369212962962,13,10,13,1,13,0,1
1470924340000,223.58726851851853,3,9,9,2,9,1,1
1470924349000,223.5873726851852,14,13,13,2,13,1,1
1470925082000,223.5958564814815,9,3,9,1,9,1,1
1470925084000,223.59587962962962,8,2,8,2,2,1,0
1470927836000,223.62773148148148,12,6,6,1,12,1,0
1470927839000,223.62776620370371,7,11,7,1,7,0,1
1470927905000,223.6285300925926,10,4,10,1,10,1,1
1470927947000,223.6290162037037,2,13,13,1,2,0,0
1470928132000,223.63115740740741,14,3,14,1,14,0,1
1470928138000,223.63122685185186,4,5,5,2,5,0,1
1470928257000,223.63260416666665,3,9,3,2,9,1,0
1470928822000,223.63914351851852,2,12,12,1,2,0,0
1470928826000,223.6391898148148,8,2,8,2,2,1,0
1470928960000,223.64074074074074,14,13,13,2,13,1,1
1470932007000,223.67600694444445,7,1,7,1,7,1,1
1470932687000,223.68387731481482,9,3,3,1,9,1,0
1470993916000,224.3925462962963,12,6,6,2,6,1,1
1470995065000,224.4058449074074,2,4,2,2,4,0,0
1470995077000,224.40598379629628,10,4,4,1,10,1,0
1470995089000,224.40612268518518,7,8,7,1,7,0,1
1470995116000,224.4064351851852,3,9,3,2,9,1,0
1470995399000,224.40971064814815,3,9,9,2,9,1,1
1470995435000,224.41012731481482,6,12,12,1,6,1,0
1470995744000,224.4137037037037,7,1,7,1,7,1,1
1470995926000,224.4158101851852,3,9,9,2,9,1,1
1470995981000,224.41644675925926,8,12,12,1,8,0,0
1470996087000,224.4176736111111,9,3,3,1,9,1,0
1470996197000,224.41894675925926,2,8,8,2,8,1,1
1470996224000,224.41925925925926,8,2,2,1,8,1,0
1470996250000,224.4195601851852,3,9,9,1,3,1,0
1470996386000,224.42113425925925,3,9,3,1,3,1,1
1470997230000,224.4309027777778,2,8,2,2,8,1,0
1470997278000,224.43145833333332,7,1,7,1,7,1,1
1470998999000,224.4513773148148,1,7,1,2,7,1,0
1470999104000,224.4525925925926,9,3,3,1,9,1,0
1470999147000,224.4530902777778,3,6,3,1,3,0,1
1470999206000,224.45377314814814,2,8,8,2,8,1,1
1470999228000,224.45402777777778,8,9,9,1,8,0,0
1470999348000,224.45541666666668,14,13,14,1,14,1,1
1470999415000,224.45619212962964,13,14,13,2,14,1,0
1470999449000,224.45658564814815,7,1,1,1,7,1,0
1470999533000,224.45755787037038,10,4,4,1,10,1,0
1470999702000,224.4595138888889,7,1,1,2,1,1,1
1470999715000,224.45966435185184,10,2,2,2,2,0,1
1470999887000,224.4616550925926,10,12,12,1,10,0,0
1470999967000,224.4625810185185,3,9,9,1,3,1,0
1471000109000,224.46422453703704,6,12,6,1,6,1,1
1471000382000,224.46738425925926,12,6,6,2,6,1,1
1471001210000,224.4769675925926,1,8,1,1,1,0,1
1471001262000,224.47756944444444,7,1,7,2,1,1,0
1471002369000,224.49038194444444,2,8,2,2,8,1,0
1471002518000,224.49210648148147,11,5,11,2,5,1,0
1471002530000,224.49224537037037,8,6,8,1,8,0,1
1471005431000,224.52582175925926,12,6,6,2,6,1,1
1471005564000,224.5273611111111,6,12,12,1,6,1,0
1471005570000,224.52743055555555,1,6,6,1,1,0,0
1471005816000,224.53027777777777,1,12,12,1,1,0,0
1471005822000,224.53034722222222,5,11,11,2,11,1,1
1471006336000,224.53629629629629,9,3,3,2,3,1,1
1471006444000,224.53754629629628,13,14,13,1,13,1,1
1471007695000,224.55202546296297,14,13,13,2,13,1,1
1471010648000,224.58620370370372,8,14,14,1,8,0,0
1471010712000,224.58694444444444,3,4,3,1,3,0,1
1471010718000,224.5870138888889,4,10,4,1,4,1,1
1471010949000,224.5896875,14,13,14,2,13,1,0
1471011465000,224.59565972222222,3,9,9,1,3,1,0
1471013161000,224.61528935185186,4,5,4,1,4,0,1
1471013173000,224.61542824074073,7,12,12,1,7,0,0
1471013207000,224.61582175925926,8,2,2,1,8,1,0
1471013561000,224.61991898148148,14,13,13,1,14,1,0
1471013572000,224.6200462962963,13,14,13,2,14,1,0
1471013864000,224.62342592592591,12,13,12,1,12,0,1
1471017741000,224.6682986111111,10,4,4,1,10,1,0
1471017752000,224.66842592592593,7,1,1,1,7,1,0
1471017892000,224.6700462962963,10,7,10,1,10,0,1
1471017937000,224.67056712962963,5,11,11,1,5,1,0
1471017962000,224.67085648148148,9,3,9,1,9,1,1
1471018057000,224.67195601851853,2,11,11,2,11,0,1
1471018391000,224.67582175925926,12,6,6,1,12,1,0
1471018436000,224.6763425925926,14,13,13,1,14,1,0
1471018735000,224.67980324074074,1,7,1,1,1,1,1
1471018907000,224.6817939814815,10,4,10,1,10,1,1
1471019105000,224.68408564814814,8,9,9,1,8,0,0
1471601365000,231.42320601851853,14,13,14,1,14,1,1
1471601432000,231.4239814814815,2,8,8,2,8,1,1
1471602101000,231.43172453703704,13,11,11,1,13,0,0
1471602201000,231.43288194444443,6,8,6,2,8,0,0
1471602272000,231.4337037037037,2,8,8,2,8,1,1
1471602275000,231.43373842592592,2,1,2,1,2,0,1
1471602619000,231.4377199074074,3,9,3,1,3,1,1
1471602743000,231.43915509259259,1,7,7,2,7,1,1
1471602818000,231.44002314814816,12,13,13,1,12,0,0
1471603020000,231.4423611111111,7,1,7,1,7,1,1
1471604881000,231.46390046296295,4,10,10,2,10,1,1
1471604886000,231.46395833333332,6,12,12,2,12,1,1
1471604902000,231.4641435185185,11,5,5,2,5,1,1
1471604958000,231.46479166666666,2,5,5,1,2,0,0
1471605090000,231.46631944444445,7,1,1,1,7,1,0
1471605175000,231.46730324074073,5,2,5,1,5,0,1
1471605186000,231.46743055555555,4,7,7,1,4,0,0
1471605190000,231.46747685185184,9,3,9,1,9,1,1
1471605214000,231.46775462962964,14,13,13,2,13,1,1
1471605360000,231.46944444444443,13,14,14,2,14,1,1
1471605416000,231.47009259259258,11,5,5,2,5,1,1
1471605491000,231.47096064814815,10,13,13,1,10,0,0
1471605753000,231.47399305555555,10,4,10,2,4,1,0
1471607453000,231.49366898148148,12,5,5,2,5,0,1
1471607519000,231.49443287037036,13,14,14,2,14,1,1
1471607713000,231.49667824074075,13,14,13,2,14,1,0
1471616066000,231.5933564814815,12,6,6,2,6,1,1
1471616069000,231.5933912037037,9,3,9,1,9,1,1
1471616097000,231.5937152777778,11,14,11,1,11,0,1
1471617639000,231.6115625,4,10,4,2,10,1,0
1471618405000,231.62042824074075,8,7,7,1,8,0,0
1471618456000,231.62101851851853,9,3,3,2,3,1,1
1471618481000,231.62130787037037,6,12,6,2,12,1,0
1471618500000,231.62152777777777,14,2,2,1,14,0,0
1471618562000,231.62224537037036,9,3,9,1,9,1,1
1471618564000,231.62226851851852,9,3,9,2,3,1,0
1471618596000,231.6226388888889,5,11,11,2,11,1,1
1471618644000,231.62319444444444,13,14,13,1,13,1,1
1471618820000,231.62523148148148,10,4,4,1,10,1,0
1471618859000,231.62568287037038,10,4,4,1,10,1,0
1471618876000,231.62587962962962,4,10,4,1,4,1,1
1471618914000,231.62631944444445,11,5,11,1,11,1,1
1471618921000,231.62640046296298,3,9,3,1,3,1,1
1471618985000,231.6271412037037,9,1,9,1,9,0,1
1471619088000,231.62833333333333,6,12,12,2,12,1,1
1471619172000,231.62930555555556,13,11,13,2,11,0,0
1471619208000,231.62972222222223,11,5,5,2,5,1,1
1471619830000,231.6369212962963,1,7,1,2,7,1,0
1471620512000,231.64481481481482,1,7,7,2,7,1,1
1471621201000,231.65278935185185,11,5,5,1,11,1,0
1471621209000,231.65288194444443,14,9,9,1,14,0,0
1471621312000,231.65407407407406,10,4,10,1,10,1,1
1471621361000,231.6546412037037,2,8,2,2,8,1,0
1471621466000,231.6558564814815,14,8,8,1,14,0,0
1471621506000,231.65631944444445,14,13,14,2,13,1,0
1471622201000,231.66436342592593,7,1,7,1,7,1,1
1471622203000,231.6643865740741,2,8,2,2,8,1,0
1471622244000,231.66486111111112,1,3,1,1,1,0,1
1471622253000,231.66496527777778,2,8,2,2,8,1,0
1471622276000,231.66523148148147,9,3,9,1,9,1,1
1471622382000,231.66645833333334,14,3,3,1,14,0,0
1471622386000,231.66650462962963,5,1,1,1,5,0,0
1471622409000,231.66677083333335,5,11,11,2,11,1,1
1471622474000,231.66752314814815,12,6,6,2,6,1,1
1471622484000,231.6676388888889,7,1,1,2,1,1,1
1471622514000,231.6679861111111,8,2,2,2,2,1,1
1471622521000,231.66806712962963,8,2,8,2,2,1,0
1471622649000,231.6695486111111,12,6,12,2,6,1,0
1471623379000,231.67799768518518,14,5,5,1,14,0,0
1471623425000,231.67853009259258,12,1,12,1,12,0,1
1471623450000,231.67881944444446,8,2,8,1,8,1,1
1471623466000,231.67900462962962,14,13,14,1,14,1,1
1471623578000,231.68030092592593,14,13,14,2,13,1,0
1471623718000,231.6819212962963,13,14,14,1,13,1,0
1471623810000,231.68298611111112,4,10,4,2,10,1,0
1471623814000,231.6830324074074,13,14,14,1,13,1,0
1471624267000,231.68827546296296,11,5,5,2,5,1,1
1472122275000,237.45225694444446,2,8,2,2,8,1,0
1472122516000,237.4550462962963,12,6,6,2,6,1,1
1472122521000,237.45510416666667,3,1,3,1,3,0,1
1472122525000,237.45515046296296,14,13,14,2,13,1,0
1472122748000,237.4577314814815,13,14,14,2,14,1,1
1472122900000,237.45949074074073,11,12,11,1,11,0,1
1472122941000,237.45996527777777,3,9,3,2,9,1,0
1472123071000,237.4614699074074,11,5,5,2,5,1,1
1472123076000,237.46152777777777,12,10,10,1,12,0,0
1472123093000,237.46172453703704,11,3,11,1,11,0,1
1472123102000,237.4618287037037,10,4,4,1,10,1,0
1472123251000,237.46355324074074,7,3,3,2,3,0,1
1472123537000,237.46686342592594,4,7,4,2,7,0,0
1472123543000,237.46693287037036,1,6,6,1,1,0,0
1472123955000,237.4717013888889,13,14,13,2,14,1,0
1472124337000,237.47612268518517,5,11,5,1,5,1,1
1472125870000,237.49386574074074,14,13,13,1,14,1,0
1472125877000,237.49394675925927,14,11,11,1,14,0,0
1472131188000,237.55541666666667,3,9,9,2,9,1,1
1472131764000,237.56208333333333,2,8,2,2,8,1,0
1472132198000,237.5671064814815,1,6,6,1,1,0,0
1472133120000,237.57777777777778,5,11,11,2,11,1,1
1472133147000,237.5780902777778,9,13,13,2,13,0,1
1472133189000,237.57857638888888,14,7,14,1,14,0,1
1472133269000,237.57950231481482,1,7,7,2,7,1,1
1472133324000,237.58013888888888,6,1,1,1,6,0,0
1472133448000,237.58157407407407,8,13,8,1,8,0,1
1472133789000,237.58552083333333,11,5,11,2,5,1,0
1472133911000,237.58693287037036,13,14,13,2,14,1,0
1472134803000,237.59725694444444,13,14,13,2,14,1,0
1472134862000,237.59793981481482,1,11,1,1,1,0,1
1472135854000,237.6094212962963,1,7,1,2,7,1,0
1472136510000,237.6170138888889,3,9,3,2,9,1,0
1472137841000,237.6324189814815,2,1,2,1,2,0,1
1472138055000,237.63489583333333,10,12,12,1,10,0,0
1472138779000,237.64327546296298,10,4,4,1,10,1,0
1472138785000,237.6433449074074,5,11,11,2,11,1,1
1472138818000,237.64372685185185,8,2,2,1,8,1,0
1472138847000,237.6440625,10,11,10,1,10,0,1
1472138852000,237.64412037037036,5,11,11,2,11,1,1
1472138899000,237.64466435185184,2,12,2,1,2,0,1
1472139021000,237.6460763888889,3,9,9,1,3,1,0
1472139151000,237.6475810185185,3,2,2,1,3,0,0
1472139193000,237.64806712962962,14,13,14,1,14,1,1
1472139198000,237.648125,9,3,3,2,3,1,1
1472139208000,237.64824074074073,2,8,2,2,8,1,0
1472139356000,237.64995370370372,10,4,10,1,10,1,1
1472139677000,237.65366898148147,3,7,3,1,3,0,1
1472142764000,237.68939814814814,6,5,6,2,5,0,0
1472142862000,237.6905324074074,12,11,12,1,12,0,1
1472142894000,237.69090277777778,4,1,1,1,4,0,0
1472144904000,237.71416666666667,7,1,1,2,1,1,1
1472144980000,237.7150462962963,8,2,8,1,8,1,1
1472145210000,237.71770833333332,12,6,6,1,12,1,0
1472145236000,237.71800925925925,2,8,8,2,8,1,1
1472145296000,237.7187037037037,11,5,11,2,5,1,0
1472205674000,238.41752314814815,1,7,1,1,1,1,1
1472205893000,238.42005787037036,7,1,1,1,7,1,0
1472205899000,238.4201273148148,1,7,1,2,7,1,0
1472205911000,238.4202662037037,14,13,14,2,13,1,0
1472206238000,238.42405092592594,5,11,5,2,11,1,0
1472206325000,238.42505787037038,1,13,1,1,1,0,1
1472206332000,238.42513888888888,5,11,11,2,11,1,1
1472206536000,238.4275,5,13,5,1,5,0,1
1472206608000,238.42833333333334,8,10,8,1,8,0,1
1472206726000,238.42969907407408,7,5,5,2,5,0,1
1472208433000,238.44945601851853,6,12,6,1,6,1,1
1472208452000,238.44967592592593,2,8,8,2,8,1,1
1472210615000,238.47471064814815,5,11,5,2,11,1,0
1472210769000,238.47649305555555,8,2,2,2,2,1,1
1472211708000,238.4873611111111,8,2,2,1,8,1,0
1472211741000,238.48774305555557,11,6,6,1,11,0,0
1472211810000,238.48854166666666,2,8,8,2,8,1,1
1472211888000,238.48944444444444,8,4,4,1,8,0,0
1472212595000,238.49762731481482,3,9,9,1,3,1,0
1472212629000,238.49802083333333,7,1,7,2,1,1,0
1472217615000,238.55572916666668,6,12,6,1,6,1,1
1472220466000,238.58872685185185,12,6,12,1,12,1,1
1472221275000,238.59809027777777,13,11,13,1,13,0,1
1472221343000,238.5988773148148,5,11,11,2,11,1,1
1472221526000,238.60099537037038,8,2,8,1,8,1,1
1472221651000,238.60244212962962,6,3,3,1,6,0,0
1472221746000,238.60354166666667,2,5,5,1,2,0,0
1472221757000,238.6036689814815,9,3,3,1,9,1,0
1472221810000,238.6042824074074,11,10,10,1,11,0,0
1472221821000,238.60440972222221,1,7,1,2,7,1,0
1472222084000,238.6074537037037,7,1,7,2,1,1,0
1472223640000,238.62546296296296,12,6,12,1,12,1,1
1472223829000,238.62765046296298,14,4,14,1,14,0,1
1472223834000,238.62770833333335,11,5,11,1,11,1,1
1472225106000,238.64243055555556,6,12,6,1,6,1,1
1472225184000,238.64333333333335,1,7,1,1,1,1,1
1472225189000,238.64339120370371,11,12,11,1,11,0,1
1472225211000,238.64364583333332,8,2,2,1,8,1,0
1472225283000,238.64447916666666,2,8,8,1,2,1,0
1472225788000,238.65032407407406,8,2,8,1,8,1,1
1472225820000,238.65069444444444,10,4,10,1,10,1,1
1472227399000,238.66896990740742,4,9,9,2,9,0,1
1472227595000,238.67123842592594,3,9,9,1,3,1,0
1472228411000,238.68068287037036,4,10,10,1,4,1,0
